,Ticker,Tweets,Time
0,AAPL,"This #EarthDay, chill out with the calming sounds of rainfall. 🌧

Listen to the #RainSounds playlist now: https://t.co/jUhRHzz1wy https://t.co/bJBINblSjL",2021-04-23 01:04:43
1,AAPL,".@AndraDayMusic joins @ciara on #LevelUpRadio to talk 'The U.S. vs. Billie Holiday' and her new song #PhoneDies.

Listen: https://t.co/13oOY6uSVP https://t.co/BIKz1812cu",2021-04-22 23:02:25
2,AAPL,Keep listening to #MONTERO (Call Me By Your Name) from @lilnasx on #TodaysHits: https://t.co/GbjeOeSlTq https://t.co/Z9RP3yXyAt,2021-04-22 22:02:32
3,AAPL,"There’s no rhythm more essential, no music more relaxing, than the rolling of ocean waves. 🌊

Celebrate #EarthDay with the #OceanSounds playlist: https://t.co/Fo1EhOAaCJ https://t.co/gO1JymODW9",2021-04-22 19:59:49
4,AAPL,"#TheAgenda playlist brings you songs making waves in the UK.

Go deeper into the stories of Black British music’s most prodigious talents on The Agenda Live.

In this installment, London’s @Central_Cee shares an exclusive performance of “Ruby.”

Watch: https://t.co/LfBNHa30hN https://t.co/JcMK5ryJPw",2021-04-22 18:08:46
5,AAPL,"Fresh off of #FearlessTaylorsVersion, @taylorswift13 shares the story behind her #FromTheVault track, #ThatsWhen featuring @KeithUrban.

Watch now: https://t.co/DFW4eXdcI8 https://t.co/sQNLDpqOGB",2021-04-22 16:05:59
6,AAPL,‘Antarctica: Earth Sounds’ combines the natural music of the Earth and local fauna with orchestral elements that capture the continent: https://t.co/U2NAxs86gf https://t.co/RZRiks9RUG,2021-04-22 15:37:52
7,AAPL,"Enjoy ‘Australia &amp; Oceania: Earth Sounds,’ with soundscapes from the Land Down Under: https://t.co/U2NAxs86gf https://t.co/emzinfOcIB",2021-04-22 15:36:51
8,AAPL,"‘South America: Earth Sounds’ highlights the sonic beauty of Brazil, Peru, Colombia, Ecuador, and Uruguay: https://t.co/U2NAxs86gf https://t.co/Wg4GG02Czk",2021-04-22 15:34:03
9,AAPL,"With sounds of animals in the forest, rivers flowing, ocean waves crashing and more, this is ‘North America: Earth Sounds’: https://t.co/U2NAxs86gf https://t.co/ydyymaCCFo",2021-04-22 15:32:42
10,AAPL,"Listen to the planet’s music and the animals, landscapes, and terrain worth preserving on ‘Africa: Earth Sounds’: https://t.co/U2NAxs86gf https://t.co/bBVtQPnnhN",2021-04-22 15:31:08
11,AAPL,"On ‘Europe: Earth Sounds,’ hear natural music combined with regional instruments from the United Kingdom, Norway, Germany, and Italy: https://t.co/U2NAxs86gf https://t.co/wL8mzJCEqu",2021-04-22 15:29:24
12,AAPL,"Immerse yourself into ‘Asia: Earth Sounds’ with soundscapes from India, China, Sri Lanka, the Maldives, and Vietnam: https://t.co/U2NAxs86gf https://t.co/X0VqngkrDC",2021-04-22 15:27:59
13,AAPL,"In honor of #EarthDay, listen to a special collection of albums exploring the sounds of nature and music from all seven continents.",2021-04-22 15:26:40
14,AAPL,Listen to #Fiel from #LosLegendarios x @wisin x @jhaycortez on #DalePlay: https://t.co/Cpinwzt2LM https://t.co/JcXYtWMtUt,2021-04-22 03:05:58
15,AAPL,"“I grew up listening to country music. That was the music that I really first gravitated toward.”

@Olivia_Rodrigo curates a playlist for the moment on @zanelowe's show. #AtHomeWithAppleMusic

Listen: https://t.co/xSn2pvpqai https://t.co/27rfYwW9Wh",2021-04-22 01:08:04
16,AAPL,"Kevin Parker talks @w1lko through the story and music of @tameimpala’s debut album, #InnerSpeaker.

Listen: https://t.co/N0VEgOH4Wo https://t.co/faaupVvN1B",2021-04-21 22:57:34
17,AAPL,Vibe to @queennaija x @AriLennox on #RnBNow. Listen to #SetHimUp: https://t.co/mm1qmG3mjl https://t.co/BrI37iu0L9,2021-04-21 20:13:08
18,AAPL,".@oldmanebro x @neweryork x @LowKeyUHTN discuss the passing of Black Rob and @youngthug x @YoungStonerLife’s #SlimeLanguage2.

Watch this week's #RapLifeReview: https://t.co/inwFFfXKYy https://t.co/Zli8kf40tT",2021-04-21 17:39:47
19,AAPL,"To celebrate the release of his new album, West London's @ajtracey links with @CharlieSloth for a new #FireInTheBooth.

Watch: https://t.co/cMxhqBuqfa https://t.co/PqZR3BkFHE",2021-04-21 15:53:28
20,AAPL,"Another episode of #LoudAndSadRadio with @falloutboy's @petewentz is here.

Listen on Apple Music Hits: https://t.co/I7rktMp8Qa https://t.co/fwJeKQn70F",2021-04-19 23:00:02
21,AAPL,RT @MoneyBaggYo: Yall ready for the album⁉️ Join me Thursday for #FirstListenMoneybaggYo with @AppleMusic hosted by @oldmanebro 🔥 I’m playi…,2021-04-19 22:07:51
22,AAPL,"Rock legends @DuffMcKagan and @SGossard join @strombo on Apple Music Hits to talk about the newly-released project from The Living, '1982.'

Listen now free or anytime with a subscription: https://t.co/WbvGxR6EEE https://t.co/cAG5jCGCyj",2021-04-19 21:00:01
23,AAPL,".@RZA digs into his #BehindTheBoards playlist, talks current projects, and reflects on the life of DMX.

Listen to The Abbot's conversation with @oldmanebro now: https://t.co/SeK0ZK5WFX https://t.co/EjKmdKXrkh",2021-04-19 19:13:59
24,AAPL,"Check out Apple Music TV: a free 24-hour curated livestream of videos including exclusive music video premieres, live shows and events plus more.

Watch now (US, CA &amp; UK only): https://t.co/ZXBJkDIOUN https://t.co/5tEfpKTqHG",2021-04-19 18:35:38
25,AAPL,"Mike D of the @beastieboys shares a fresh spring guest mix from selector @cutchemist.

Catch some rare grooves on #TheEchoChamber: https://t.co/0ZDOPGkHAH https://t.co/kpMtDtrf1d",2021-04-19 00:06:05
26,AAPL,"“We just wanted to make something that sounded hopeful and had a positive energy in it.""

@daniellanois' #HeavySun is out now. He gets into the project with @kellymccartneyx on #RecordBinRadio. 

Listen: https://t.co/IbyGRdR7FL https://t.co/SSW2TqIPUW",2021-04-18 23:06:01
27,AAPL,"“I made [the song] in the spirit of her…she took it to a deeper level, which is what I needed.”

@dojacat meets @sza on #KissMeMore. Listen on #AListPop: https://t.co/mQW68wLJZO https://t.co/v9017OigKm",2021-04-18 18:07:43
28,AAPL,"“#GodMovesThePen is just a cool song. It’s that idea that something bigger is moving us through life.”

Listen to @TheTimMcGraw on #TodaysCountry: https://t.co/D169zaQKFv https://t.co/7TQzl8uhAm",2021-04-18 16:26:20
29,AAPL,".@YoungStonerLife x @youngthug x @1GunnaGunna lead #NewMusicDaily with #Ski.
Listen: https://t.co/OmvaaDsjfK https://t.co/CyfBDxPN9j",2021-04-18 03:33:22
30,AAPL,"A new album from @Andersoneast will be out this summer. 

He connects with @davecobb7 on #SouthernAccents Radio to talk new music and working together.

Listen: https://t.co/ejZxbWSPWm https://t.co/ArLAV9SAgR",2021-04-17 23:00:02
31,AAPL,"“I think this album is our most confident one as writers, as performers, as musicians.”

@brckhmptn talks 'ROADRUNNER: NEW LIGHT, NEW MACHINE' with @oldmanebro on #RapLife.

Watch: https://t.co/Nu27yigN3d https://t.co/9FqPSabtts",2021-04-17 20:40:47
32,AAPL,"#Fredagain x The @Blessed_Madonna lead #danceXL with #Marea (We’ve Lost Dancing). 

Hear the track &amp; the interview with @annalunoe: https://t.co/pl3u1Uzf9V https://t.co/njBs5Pqyny",2021-04-17 19:19:58
33,AAPL,".@eltonofficial and @rinasawayama joined forces on a new version of her track, #ChosenFamily.

The pair chat about working together and the meaning of the song on #RocketHour. 🚀 #RINAELTON

Listen: https://t.co/jgqIGuOWdQ https://t.co/0qRSIBp3Gz",2021-04-17 16:46:39
34,AAPL,".@QtipTheAbstract pays homage to his friend and legendary MC DMX.

Lock in to #AbstractRadio for classic tracks and tributes from @ASAPferg, @YoungMAMusic, @REALDJPREMIER, @WHOISCONWAY, @WESTSIDEGUNN, and more: https://t.co/d1cFOreOhV https://t.co/Z8uX7KBicm",2021-04-17 01:00:02
35,AAPL,".@MickeyGuyton will host and perform at this Sunday's #ACMawards.

She gives @DierksBentley a preview of what to expect on the #NashvilleCountdown.

Listen: https://t.co/Fi2SVEkQ3w https://t.co/MdfJWzzwDh",2021-04-16 23:00:31
36,AAPL,RT @strombo: Have you heard @JadAbumrad's #EverythingTogether Radio? I’m catching up with the legendary podcaster and new @AppleMusic host…,2021-04-16 21:12:43
37,AAPL,".@iamjojo joins @breland on #LandOfTheBRE Radio.

Listen on Apple Music Country: https://t.co/QDUqqlY0eT https://t.co/Fmad3HOXbw",2021-04-16 21:00:03
38,AAPL,"Rage Against the Machine's #EvilEmpire turns 25.

@strombo goes through the essential album on Apple Music Hits: https://t.co/WbvGxQP3N6 https://t.co/WtRMN0EGvM",2021-04-16 17:27:16
39,AAPL,"Today on #RapLife:
@YoungStonerLife x @youngthug x @1GunnaGunna. Listen now. 🐍🐍
https://t.co/D2iWgW75HZ https://t.co/XEYEe2Nkkx",2021-04-16 16:31:40
40,AAPL,".@youngthug x @1GunnaGunna join @zanelowe to talk #Ski &amp; #SlimeLanguage2 from @YoungStonerLife.

Listen to #NewMusicDaily live on Apple Music 1: https://t.co/lAROgT3HzY https://t.co/zlgBUtF4qx",2021-04-16 16:00:24
41,AAPL,"“I’ve never put it all out there like we've done on this one.”
New @EricChurch just landed. Listen to #Heart: https://t.co/UKElzYzbuz https://t.co/0RfacpsrM4",2021-04-16 04:02:11
42,AAPL,"It's a #PrettySummerPlaylist from @Saweetie. 💕✨
Listen to Season 1: https://t.co/hcOZ0c38Pk https://t.co/512UAmI52y",2021-04-16 04:01:52
43,AAPL,"From the minds @YoungStonerLife x @youngthug x @1GunnaGunna, this is #SlimeLanguage2.

With appearances from...
@Drake
@trvisXX
@lilbaby4PF
@LILUZIVERT
@BigSean
@1future
@KidCudi
&amp; many more. 🐍🐍

Listen here: https://t.co/YQLgRDVCx4 https://t.co/OahJUElQRr",2021-04-16 04:01:17
44,AAPL,"“...my brother found a notebook with all kinds of things from my life. They were stories I had written when I was 15 or 16. That's where the bulk of '42' came from.”

New @sechmusic is here. Listen now &amp; read the track-by-track covering every song: https://t.co/8jDVASZymA https://t.co/DBvqySR7L1",2021-04-16 04:00:39
45,AAPL,".@juliamichaels’ first album is almost here. ❤️

Listen to #LoveIsWeird from #NotInChronologicalOrder on #NewMusicDaily: https://t.co/OmvaaDaIoc https://t.co/rwLCLkDBks",2021-04-15 16:26:49
46,AAPL,".@PredsNHL Captain #RomanJosi joins @TheTimMcGraw on #BeyondTheInfluence to talk Nashville, fitness, and staying motivated.

Listen on Apple Music Country: https://t.co/zvqvv8xQf8 https://t.co/TQiQH9LJrK",2021-04-15 00:49:50
47,AAPL,"“To my mind, she’s the brightest embodiment of this: a brilliant, confidence-oozing, endlessly fascinating songwriter and performer.”

@eltonofficial meets @rinasawayama for a new version of #ChosenFamily.

Listen on #NewMusicDaily: https://t.co/OmvaaDaIoc https://t.co/xEKZ1pVVFI",2021-04-14 22:48:28
48,AAPL,RT @TheTimMcGraw: I had a blast with Roman Josi from the @PredsNHL! Make sure to @Shazam any of my songs to unlock this interview and to ge…,2021-04-14 21:06:40
49,AAPL,"This week on #RapLifeReview, @oldmanebro x @neweryork x @LowKeyUHTN honor &amp; celebrate the life of DMX.

Watch: https://t.co/DXa3Kkc8pE https://t.co/H3kA5h3vdi",2021-04-14 20:47:30
50,AAPL,".@Fancyhagood brings together country, Top 40, Southern rock and more on his debut album.

He talks #SouthernCuriosity with @kelleighbannen on Apple Music Country. Listen: https://t.co/iZryTCthQI https://t.co/vW4vbqvKaQ",2021-04-14 19:42:47
51,AAPL,"4 years ago today @kendricklamar released #DAMN.
What's the best song on the album?
https://t.co/FO8S9uRFd3",2021-04-14 16:43:15
52,AAPL,RT @zanelowe: first of play “Chosen Family” @rinasawayama @eltonofficial and a very important conversation after. coming up in 5 mins @Appl…,2021-04-14 16:00:19
53,AAPL,Keep listening to #CallingMyPhone from @liltjay x @6LACK on #TodaysHits: https://t.co/GbjeOeSlTq https://t.co/ZL2UT4G81f,2021-04-14 13:32:06
54,AAPL,"“My first tour in country music was with a band called @rascalflatts. I got fired from that tour…I got replaced by some artist named @taylorswift13.”

@ericchurch shares stories &amp; a playlist with @zanelowe before the releases of #Heart &amp; #Soul.

Listen: https://t.co/xSn2pvpqai https://t.co/Rq49D8YFMW",2021-04-14 00:12:45
55,AAPL,".@newfoundglory's Chad Gilbert (@XChadballX) digs into pop-punk classics with @markhoppus on a new episode of #AfterSchoolRadio.

Listen now for free on Apple Music Hits or anytime with a subscription: https://t.co/7mlBAVk2nc https://t.co/7TiVvtKwUI",2021-04-13 23:01:33
56,AAPL,"Country singer @BrookeEdenMusic joins @TieraMusic to chat about her new single, #NoShade.

Listen: https://t.co/1W47J3d3op https://t.co/q4Z7Kc7lpO",2021-04-13 20:38:27
57,AAPL,"RT @TyBentli: .@FLAGALine’s Brian Kelley (@PlayBkPlay) just dropped his debut solo EP, #BKsWavePack! 

He’s joining me for the whole show t…",2021-04-13 17:59:25
58,AAPL,".@Olivia_Rodrigo leads #AListPop with #dejavu. 🌈💜🦋
Listen: https://t.co/mQW68x3loo https://t.co/tEiuqVRE54",2021-04-13 14:24:23
59,AAPL,"Vibe out to @unusualdemont's #Purple. The artist talks new music with @travismills on #Superbloom Radio.

Listen on Apple Music 1: https://t.co/Sr91VwwEgR https://t.co/h8WHH9KXj7",2021-04-12 23:15:01
60,AAPL,".@falloutboy's @petewentz joins the Apple Music Hits lineup with #LoudAndSadRadio.

Listen as he showcases his one-of-a-kind personality with an eclectic soundtrack that spans everything from classic and punk rock to movie soundtrack hits: https://t.co/I7rktMGKeK https://t.co/oZWZv9O93j",2021-04-12 23:12:10
61,AAPL,RT @taylorswift13: You can listen to That’s When (feat. @KeithUrban) and You All Over Me (feat. @MarenMorris) on the Today’s Country playli…,2021-04-12 21:17:02
62,AAPL,RT @ZoeWeesOfficial: I'm honoured to announce I’m this month’s @AppleMusic #UpNext artist... this is especially meaningful to me as I am th…,2021-04-12 20:01:23
63,AAPL,"RT @rebecca_judd: Going to be joined by the amazing @yearsandyears real soon on @AppleMusic 1 💫 

Olly will be taking over the show playing…",2021-04-12 18:21:55
64,AAPL,Listen to music from @Miguel x @Sonder x @JorjaSmith x @brentfaiyaz on #RnBNow: https://t.co/mm1qmG3mjl https://t.co/tkxQQbzeGP,2021-04-12 16:52:00
65,AAPL,".@twentyonepilots lead #ALTCTRL with #ShyAway.

Listen here: https://t.co/QGQn2w3BYQ https://t.co/GbUJQcyjU5",2021-04-12 15:48:38
66,AAPL,".@MNEK links up with @LittleMix's #JadeThirlwall on #PROUD Radio.

Listen now on Apple Music Hits: https://t.co/Vydc95asMR https://t.co/ZKAiy8Qrha",2021-04-12 00:36:51
67,AAPL,Listen to new 🔥 from @JBALVIN x @thegreatkhalid on #DalePlay: https://t.co/Cpinwzt2LM https://t.co/UHmqDTzLkU,2021-04-11 17:46:32
68,AAPL,".@HillaryScottLA welcomes @thelesliejordan to #CountryFaith Radio to discuss his new project, #CompanysComin.

Listen now on Apple Music Country: https://t.co/XYBPyFi4wi https://t.co/k9kz9x4Go3",2021-04-11 15:05:29
69,AAPL,"Today on #RapLife: “Richer”
@rodwave x @Polo_Capalot. Listen now: https://t.co/D2iWgW75HZ https://t.co/3RyOQCLasQ",2021-04-11 14:33:32
70,AAPL,"10 years and 500 episodes strong.

Future beats, eclectic soul, forgotten gems and timeless sounds. 👁‍🗨

Lock in to @Soulection Radio with @joekay: https://t.co/G5Ma0uMXoo https://t.co/iI8DqShnnS",2021-04-11 01:00:19
71,AAPL,"Ahead of @Soulection Radio episode 500, catch hour-long mixes of timeless sounds from:

@joekay
@andrepower
@BeatsByESTA
@IAMNOBODI
@iamjaredjackson
@kronika1111
@knownasjael
Sasha Marie
Shaka Lion

Listen now on Apple Music 1: https://t.co/Z3jkM6cYtg https://t.co/rQcsCTPaEk",2021-04-10 16:00:12
72,AAPL,".@VicMensa breaks down #ITAPE with @oldmanebro on #RapLife Radio.

Listen: https://t.co/Nu27yiyorN https://t.co/IYQiOOgMbE",2021-04-10 15:36:45
73,AAPL,".@paulwoolford x @Amb3rMark lead #danceXL with #HEAT.

Hear the track &amp; the interview with @annalunoe: https://t.co/pl3u1UQQyv https://t.co/TqLrQUUMT6",2021-04-10 13:58:19
74,AAPL,RIP DMX: A legend with an undeniable impact on hip-hop. His music lives on forever. 🕊 https://t.co/bT5Webo5pu,2021-04-09 18:29:12
75,AAPL,"“I want to make stadium R&amp;B…that’s very much how the songs are written.”

@Miguel’s #ArtDealerChic4 is here.

He connects with @neweryork on #RnBNow to discuss the project. Listen on Apple Music 1: https://t.co/YEO7Z7h3C2 https://t.co/ijAv1gSppb",2021-04-09 15:00:25
76,AAPL,".@taylorswift13 leads #TodaysCountry with #ThatsWhen featuring @KeithUrban. 

Hear the track #FromTheVault off of #FearlessTaylorsVersion: https://t.co/D169zb8m45 https://t.co/sOHLLsk1OB",2021-04-09 14:01:59
77,AAPL,"This collab. 😭💋
Listen to #KissMeMore from @DojaCat x @sza on #NewMusicDaily: https://t.co/OmvaaDaIoc https://t.co/f7CZ31TSxe",2021-04-09 13:31:25
78,AAPL,"Head first, #FearlessTaylorsVersion. 💛

Listen to new @taylorswift13 now: https://t.co/7GTx9qFb5H https://t.co/sW92El2Emb",2021-04-09 04:15:12
79,AAPL,"#ArtDealerChic4 from @Miguel is here. 🌹

Listen: https://t.co/sfLEjpGlHh https://t.co/uuvwmRUezQ",2021-04-09 04:02:48
80,AAPL,"New @DojaCat is ready for you. 😘
Listen to #KissMeMore featuring @SZA: https://t.co/GybNwJISgv https://t.co/GEmdRpMkqT",2021-04-09 04:02:28
81,AAPL,"#OtraNocheSinTi ⚡️
@JBALVIN x @thegreatkhalid 
Listen: https://t.co/GHGBcOQQ5j https://t.co/JaFrM8UF65",2021-04-09 00:46:56
82,AAPL,"“I still personally feel, there’s so much more work to do.”

@joekay celebrates 10 years of @Soulection radio with @zanelowe ahead of its 500th episode this Saturday.

Watch the interview: https://t.co/j8zzdLJqgP https://t.co/WcLhWZFNPs",2021-04-08 20:05:05
83,AAPL,"RT @kelleighbannen: Serial tipper #LexyBurke joined me on Apple Music Country today. 

Her 1.4+M followers on TikTok donate small amounts o…",2021-04-08 16:26:11
84,AAPL,"“#CloseToYou is an attempt to reference my favorite pop songs and artists from the mid 80’s.” 

Listen to @dayglowband on #ALTCTRL: https://t.co/QGQn2wldnq https://t.co/uGmV4w4W6d",2021-04-08 14:18:37
85,AAPL,".@Morgan_Evans sits down with @bretteldredge to dig into the most streamed country songs in Germany.

Listen to new #CountryWideRadio now: https://t.co/ymGnjGFobi https://t.co/tD4vsRvfGl",2021-04-07 21:55:34
86,AAPL,"'The Melting of the Sun' is the latest track from @st_vincent's forthcoming album, #DaddysHome.

Annie Clark talks new music with @w1lko. Listen: https://t.co/N0VEgOH4Wo https://t.co/TpZHVOFKyn",2021-04-07 18:28:46
87,AAPL,New @twentyonepilots just landed. Listen to #ShyAway: https://t.co/dF2IVopCD9 https://t.co/CaLNF9uetR,2021-04-07 17:21:41
88,AAPL,".@oldmanebro x @neweryork x @LowKeyUHTN send love to DMX on this week’s episode of #RapLifeReview.

Watch: https://t.co/BXuLQ483L8 https://t.co/zM32ZFR7yh",2021-04-07 17:04:20
89,AAPL,"“I feel like the more I’d write about myself, the more I’d get to know myself better.”

Introducing our new #UpNext artist, @ZoeWeesOfficial.

Get to know her here: https://t.co/nZtTlnF69k https://t.co/U1pbEDV97H",2021-04-07 16:34:46
90,AAPL,Listen to the #RealAffair remix from @TianaMajor9 x @vincestaples on #RnBNow: https://t.co/mm1qmG3mjl https://t.co/uDVXfmS4DC,2021-04-07 14:31:53
91,AAPL,"Another one #FromTheVault. 💛 @taylorswift13

Listen to #MrPerfectlyFine from #FearlessTaylorsVersion now.
https://t.co/PKA0B5riqT",2021-04-07 13:09:04
92,AAPL,"“The house I grew up in is very old and [full of] character, and it’s such a huge part of who I am.”

#UpNext alum @HolHumberstone leads #NewMusicDaily with #HauntedHouse.

Listen: https://t.co/OmvaaDaIoc https://t.co/0Dw1QyyfgZ",2021-04-07 00:02:07
93,AAPL,".@rebecca_judd catches up with @zaralarsson to chat about her latest album, #PosterGirl.

Listen: https://t.co/QFCSHi8dqX https://t.co/3h9k95LOTf",2021-04-06 21:35:50
94,AAPL,"“I was tapped in with Pop early on.”

@liltjay joins @oldmanebro on Apple Music 1 to talk #Destined2Win and hearing music from Pop Smoke for the first time.

Listen: https://t.co/SeK0ZJOlOp https://t.co/NhGaRbBQyo",2021-04-06 19:02:32
95,AAPL,"Actor, writer, and producer Adam Brody (@Handlebrody) joins @blink182's @markhoppus on a new episode of #AfterSchoolRadio.

Listen on Apple Music Hits: https://t.co/7mlBAVk2nc https://t.co/yOCa2m1NUE",2021-04-06 17:59:56
96,AAPL,"“I just felt like it was the best way to explain what I’ve been through.”

@ddlovato joins @zanelowe to talk #DWTDTAOSO &amp; curate an exclusive playlist from home. #AtHomeWithAppleMusic

Listen: https://t.co/UAgevJsekh https://t.co/rZX2xRgCT6",2021-04-06 17:02:14
97,AAPL,"🕺🕺🕺

@GibbBarry of #TheBeeGees covers the band’s biggest hits on #Essentials radio with @zanelowe.

Watch: https://t.co/uhbP8B2sn6 https://t.co/iFzOv2IfG6",2021-04-06 17:00:24
98,AAPL,"Keep listening to #Peaches from @justinbieber x @DanielCaesar x @giveon on #TodaysHits. 🍑
https://t.co/GbjeOeSlTq https://t.co/IxJ6KqNzoY",2021-04-06 14:56:14
99,AAPL,"Delaware-hailing singer-songwriter @iStarrah just dropped her long-awaited debut album, #TheLongestInterlude.

She speaks on the project with @neweryork.

Listen: https://t.co/I1KfeQv8Kc https://t.co/eH2QjNnRsU",2021-04-06 02:19:36
100,AAPL,"Louisiana and North Carolina connect as @WillieJones and @RissiPalmer talk shop on #CrossroadsRadio.

Listen now for free on Apple Music Country or anytime with a subscription: https://t.co/8zctC58eIi https://t.co/O4oZwxHWXD",2021-04-05 23:59:43
101,AAPL,"#LastDayOnEarth by @beabad00bee tops the #Superbloom playlist.

The #UpNext alum talks about the new track with @travismills.

Listen: https://t.co/Sr91VwwEgR https://t.co/LtPgSxo7aV",2021-04-05 23:00:01
102,AAPL,"Happy Birthday @Pharrell. 🙏🎂
https://t.co/pxUHXOqxPl",2021-04-05 19:13:48
103,AAPL,"RT @TyBentli: Welcome to Monday!

Excited to welcome this week's #CanadasCountry playlist cover star @AndrewHyattBand to the show today to…",2021-04-05 18:23:05
104,AAPL,".@silksonic (@BrunoMars x @AndersonPaak) discuss the making of #LeaveTheDoorOpen. ✨

Watch: https://t.co/bBzGO0egMx https://t.co/GGWuRqfO7A",2021-04-05 16:55:43
105,AAPL,"“The song happened so naturally…”

Listen to #telepatía from @KALIUCHIS on #DalePlay: https://t.co/Cpinwzt2LM https://t.co/batPG5Y9Zk",2021-04-05 14:50:30
106,AAPL,Listen to #Freedom from @justinbieber. https://t.co/k7ib7j2VWp,2021-04-04 22:34:22
107,AAPL,"Singer-songwriter @julienrbaker discusses her stark and soulful sounds with @kellymccartneyx.

Listen to #RecordBinRadio on Apple Music Country: https://t.co/IbyGRdzwOd https://t.co/YvewOqOJ6P",2021-04-04 21:36:21
108,AAPL,".@thelesliejordan celebrates the release of his album #CompanysComin on a new episode of #HunkerDownRadio.

Listen on Apple Music Country: https://t.co/KKSkAB9rIh https://t.co/h8eWo9XWlQ",2021-04-04 19:09:35
109,AAPL,"“When I played it for the band and they all lit up. That’s when I knew we had something.”

@parmalee x @blancobrown lead #TodaysCountry with #JustTheWay.

Listen here: https://t.co/D169zb8m45 https://t.co/9Ih05QbJ8B",2021-04-04 15:59:30
110,AAPL,"Tennessee native @ashleymonroe has a new album out at the end of the month. She talks #Rosegold with @davecobb7 on #SouthernAccents Radio.

Listen on Apple Music Country: https://t.co/ejZxbWBf4O https://t.co/JsdKcUjCAf",2021-04-03 23:38:06
111,AAPL,"Today on #RapLife: “Run It Up”
@liltjay x @OffsetYRN x @MoneyBaggYo. Listen now.
https://t.co/D2iWgW75HZ https://t.co/KTbxljI5pN",2021-04-03 23:37:49
112,AAPL,".@_MAXWELL_ is celebrating 25 years of 'Maxwell's Urban Hang Suite.' #MUHS25

He looks back on the project with @oldmanebro: https://t.co/SeK0ZJOlOp https://t.co/0PRZAuyZuY",2021-04-03 21:22:51
113,AAPL,".@ItsBennyBlanco, @TrickyStewart, and @emilywarrennnn join @nilerodgers on a new episode of #DeepHiddenMeaning.

Listen on Apple Music 1: https://t.co/wG5yaLFuqd https://t.co/UXLV26n8X9",2021-04-03 15:03:10
114,AAPL,"“All of my favorite songwriters are super specific and vivid, so I definitely try to emulate that.” 

@Olivia_Rodrigo leads #NewMusicDaily with #dejavu: https://t.co/OmvaaDaIoc https://t.co/Iagk4BoFZH",2021-04-03 14:44:42
115,AAPL,"After two years, @QtipTheAbstract returns for a new season of #AbstractRadio. 🙏

Lock in right now on Apple Music 1. https://t.co/d1cFOrwpGv https://t.co/3R1MahbjTH",2021-04-03 01:00:13
116,AAPL,"“I’m sort of obsessed with the concept of deja vu…”

New @Olivia_Rodrigo is here.

She talks to @zanelowe about writing #dejavu and releasing music after the huge success of #driverslicense.

Listen to #NewMusicDaily live on Apple Music 1: https://t.co/kNSzlQpGJB https://t.co/vy87ZiFHzD",2021-04-02 16:00:20
117,AAPL,"This collab. 😍🦋
@ddlovato @ArianaGrande 

Listen to #MetHimLastNight on #AListPop: https://t.co/mQW68x3loo https://t.co/wopcX4UOnv",2021-04-02 14:02:51
118,AAPL,A new chapter of @ddlovato starts now. 🦋  Listen to #DWTDTAOSO: https://t.co/PHNV7L5c0J https://t.co/o4O63cnwBy,2021-04-02 04:01:22
119,AAPL,"RT @AppleTV: A musical odyssey. 

Listen to the #Cherry score today on @AppleMusic https://t.co/29Bonc1M9m https://t.co/SEpFxmqMx6",2021-04-02 01:22:54
120,AAPL,".@OldDominion is back with a new episode of #BandVanRadio.

Listen as they travel to the small town of Rome, GA, a hotbed for today's country music. https://t.co/KNYv7HAq8T https://t.co/7HXNKL7E45",2021-04-02 00:00:01
121,AAPL,"RT @travismills: @ChaseAtlantic’s #BEAUTYINDEATH is out now 🙌

Catching up w/ them on my Apple Music 1 show in a few...

Listen here 👉 
htt…",2021-04-01 23:03:35
122,AAPL,RT @zanelowe: Don’t miss this one — the full interview with @Olivia_Rodrigo drops tomorrow on #NewMusicDaily. https://t.co/QESCABJdPI,2021-04-01 19:51:30
123,AAPL,"#TheBlixkyTape2 is out now.

@22Gz connects with @oldmanebro to discuss the project.

Listen: https://t.co/SeK0ZJOlOp https://t.co/ITjCiiAS1U",2021-04-01 19:00:18
124,AAPL,"This week on #RapLifeReview, @oldmanebro x @neweryork x @LowKeyUHTN get into @LilNasX’s #MONTERO (Call Me By Your Name).

Watch here: https://t.co/GJo7U6Cudm https://t.co/viT2iHJZiH",2021-04-01 17:45:36
125,AAPL,"“I really love painting pictures with songs, so we tried to be really vivid with the lyrics.”

New @Olivia_Rodrigo is here. 🌈🦋💜
Listen to #dejavu: https://t.co/GZnD4tjfng https://t.co/yFh754cQR3",2021-04-01 16:02:31
126,AAPL,"🔊 🔊 🔊

@QtipTheAbstract is joining @zanelowe on-air for a very special announcement.

Listen live on Apple Music 1: https://t.co/i1NRuiP48w https://t.co/UTm0QhFH0U",2021-04-01 16:01:32
127,AAPL,Listen to @jsullivanmusic on #RnBNow: https://t.co/mm1qmG3mjl https://t.co/NY62y6G5NS,2021-04-01 14:42:19
128,AAPL,".@hunterkelly connects with @ROCassataMusic and @izzyheltai on a new episode of #PROUD Radio.

Listen now for free on Apple Music Country or anytime with a subscription. https://t.co/Vydc94SRoh https://t.co/qhvMrhJckN",2021-04-01 00:00:36
129,AAPL,"“On this day, it's just about understanding that the trans community is here, it always has been here, and it will always be here.”

YouTuber and @dragunbeauty CEO @NikitaDragun celebrates #TransDayOfVisibility with @travismills.

Watch: https://t.co/Q6wPIiRxyc https://t.co/BR7ekYZxbM",2021-03-31 20:56:23
130,AAPL,Listen to #Born2BeGreat from @liltjay on #NewMusicDaily: https://t.co/OmvaaDaIoc https://t.co/GTk7Cl8YBG,2021-03-31 19:56:36
131,AAPL,"To mark International #TransDayOfVisibility, Apple Music 1 celebrates the life and legacy of SOPHIE with a special featuring friends, contemporaries, and fans honoring her extraordinary work.

Listen now: https://t.co/OayUdxzJ5f https://t.co/14GLYIIy0P",2021-03-31 17:54:16
132,AAPL,RT @ashleyeicher: . @ladya frontwoman and #CountryFaith Radio host @HillaryScottLA joins me on a new episode of #GuestListRadio to talk abo…,2021-03-31 16:38:47
133,AAPL,"“This might be my favorite track on the album. I believe in a lot of things, and one of the things I believe is that love is a high, important power that connects us all.” 

@nickjonas leads #AListPop with #ThisIsHeaven. Listen here: https://t.co/mQW68x3loo https://t.co/weyYxHOf0j",2021-03-31 14:14:10
134,AAPL,".@duttypaul curates a playlist, speaks on the legacy of @bobmarley, and discusses his new album #LiveNLivin with @zanelowe.

Listen: https://t.co/xSn2pvpqai https://t.co/InHnglkNmK",2021-03-31 02:17:41
135,AAPL,"Moscow-based hip-hop visionary #Scriptonite returns with his sixth album.

Listen now, only on Apple Music: https://t.co/jdzHrX5hk8 https://t.co/YEXNgp3O0l",2021-03-30 23:01:10
136,AAPL,"🦋☀️🌈🥲
@KaceyMusgraves’ #GoldenHour turns 3 today. Reply with your favorite track.
https://t.co/YaejO5isIy",2021-03-30 22:37:44
137,AAPL,"Rock legend @joanjett talks @strombo through everything from The Runaways to the Blackhearts.🖤

Listen to their conversation now on Apple Music Hits: https://t.co/WbvGxQP3N6 https://t.co/pG8hUNzU9K",2021-03-30 21:54:06
138,AAPL,".@lizrose06 joins @TyBentli to talk songwriting and her Apple Music Country show with @LoriMcKennaMA and Hillary Lindsey, #LoveJunkiesRadio.

Listen: https://t.co/hhrhL5rTDa https://t.co/g9Rx78dYru",2021-03-30 18:03:53
139,AAPL,".@mirandalambert walks @kelleighbannen through #TheHouseThatBuiltMe &amp; more of the biggest tracks of her career on #Essentials Radio.

Listen: https://t.co/2CCQD0bSqe https://t.co/PTr8TpuqGj",2021-03-30 17:26:14
140,AAPL,Listen to #NICKINICOLE x @lunaypr1’s #NoToqueMiNaik on #DalePlay: https://t.co/Cpinwzbrnc https://t.co/EaIdpe8JOy,2021-03-30 15:11:00
141,AAPL,Listen to #OnceInALifetime from @AllTimeLow on #ALTCTRL: https://t.co/QGQn2wldnq https://t.co/V54GJz28gJ,2021-03-29 21:12:46
142,AAPL,"2 years ago today. 🕷
@billieeilish @finneas

What’s your favorite song from ‘WHEN WE ALL FALL ASLEEP, WHERE DO WE GO?’
https://t.co/XkFBE3NNqf",2021-03-29 18:09:32
143,AAPL,".@SaddestFactory boss @phoebe_bridgers and her first signee @claudmp3 join @hattiecollins on a new episode of #PROUD Radio.

Listen on Apple Music 1: https://t.co/Vydc95asMR https://t.co/5S4rjIElU4",2021-03-29 18:00:01
144,AAPL,"RT @TieraMusic: if you missed my first episode of #Soundcheck Radio, you can listen back now on @AppleMusic.

open the app and search ’Soun…",2021-03-29 17:26:38
145,AAPL,Today on #RapLife: “Hard for the Next” @MoneyBaggYo x @1future. Listen now: https://t.co/D2iWgW75HZ https://t.co/PLJfhBlGkb,2021-03-29 13:54:40
146,AAPL,".@HueyLewisNews shares music, stories, and one-of-a-kind insight into one of the most important decades in rock 'n' roll, the '80s.

Catch up on every episode of #80sRadio now: https://t.co/yDDnzfdHja https://t.co/5Unm8ToMEZ",2021-03-29 01:02:07
147,AAPL,"Happy Birthday @ladygaga ⚔️💗
Celebrate with her #Essentials playlist.
https://t.co/nglSrqfA40",2021-03-28 21:40:34
148,AAPL,"“It was just the concept of meeting an older guy who has cleaned up his act a little bit.”

Listen to #WilderDays from @themorganwade on #TodaysCountry: https://t.co/D169zb8m45 https://t.co/0jgcyN40rh",2021-03-28 20:09:08
149,AAPL,"It's all happening. Writer-director @CameronCrowe joins @joywilliams on a new episode of #SouthernCraft Radio.

Listen on Apple Music Country: https://t.co/Fgga6aT958 https://t.co/2YZfTOP9A8",2021-03-28 19:00:01
150,AAPL,A new album from @AJRBrothers is here. Listen to #OKORCHESTRA: https://t.co/HqLGDgjdIW https://t.co/5nO2e33HkR,2021-03-28 17:43:06
151,AAPL,".@ladya's @HillaryScottLA takes over as host of #CountryFaith Radio.

Listen on Apple Music Country as she shares songs and stories that inspire her both musically and spiritually. https://t.co/XYBPyFi4wi https://t.co/NkzsXx7WKU",2021-03-28 15:00:02
152,AAPL,"Celebrate #Holi and liven up the festival of colors with specially curated playlists from your favorite artists.

Listen now: https://t.co/vpshpDt4vA https://t.co/wODY1iv4bO",2021-03-28 01:00:01
153,AAPL,".@MoneyBaggYo x @1future lead #NewMusicDaily with #HardForTheNext.

Listen: https://t.co/OmvaaDaIoc https://t.co/GWDaB24olE",2021-03-28 00:59:25
154,AAPL,"“The whole album is brilliant.” 

@eltonofficial talks to @SGLewis_ about #times and potential plans for a future collaboration. 🤞

Listen to #RocketHour on Apple Music 1: https://t.co/jgqIGv6xCq https://t.co/A8mKL9UVHp",2021-03-27 16:00:29
155,AAPL,"Something new from @carrieunderwood. 💗
Listen to #MySavior now: https://t.co/omOzxFN1Ux https://t.co/nt7Y9YKlxM",2021-03-27 15:01:40
156,AAPL,"“I remember every aspect of making this one as it’s such a special record for me.”

@frankywahmusic x @wearelowes lead #danceXL with #NotInLove.

Hear the track &amp; the interview with @annalunoe: https://t.co/pl3u1UQQyv https://t.co/YUNNwxi7vf",2021-03-27 14:05:06
157,AAPL,".@LilNasX tells @zanelowe about the making of #MONTERO (Call Me By Your Name).

Watch the #NewMusicDaily interview: https://t.co/kNSzlQpGJB https://t.co/G3KQrl1oFR",2021-03-27 01:25:12
158,AAPL,"Keep listening to @silksonic’s #LeaveTheDoorOpen on #TodaysHits. ✨
https://t.co/GbjeOeSlTq https://t.co/U4UyH8VTGV",2021-03-26 21:41:59
159,AAPL,"On episode 2 of #BICHOTARadio, @karolg discusses the making of her album #KG0516 with @JBALVIN, @CamiloMusica, and @Mariahangeliq.

Listen: https://t.co/6kSXUK4L7b https://t.co/5ARdUvubcl",2021-03-26 19:00:14
160,AAPL,"In support of the #StopAsianHate movement, @MrEddieHuang x @oldmanebro discuss the history of anti-Asian violence &amp; racism, its increase since the outbreak of COVID-19, &amp; the importance of Black/Asian solidarity.

Listen: https://t.co/zniOwxgNwX https://t.co/QQvzZJdhz3",2021-03-26 18:02:32
161,AAPL,".@gorillaz's self-titled debut album is 20 years old today.

Listen as @strombo reflects on the project on Apple Music Hits: https://t.co/WbvGxQP3N6 https://t.co/Orf0lxE6CR",2021-03-26 17:00:05
162,AAPL,".@MoneyBaggYo is on with @zanelowe talking #HardForTheNext with @1future and a forthcoming project. 👀

Lock in to #NewMusicDaily live on Apple Music 1: https://t.co/kNSzlQpGJB https://t.co/0xlaq77GeL",2021-03-26 16:02:16
163,AAPL,"From #UpNext artist @tatemcrae, this is #TOOYOUNGTOBESAD.

Listen to the EP &amp; watch her short film now: https://t.co/Pjrdw3Lhie https://t.co/3Pb5dfj1zr",2021-03-26 15:22:23
164,AAPL,"RT @oldmanebro: Coming up later today, an impactful convo with @MrEddieHuang to #StopAsianHate. 

Listen today at 11am PST/2pm EST on @Appl…",2021-03-26 15:09:04
165,AAPL,"“This album represents a Carolina who has a certain aesthetic, image...someone who is present in her music, in the production, and in all things visual.”

New @karolg just landed.

Listen to #KG0516 and watch the exclusive short film behind the album: https://t.co/s8nGCpUJ0w https://t.co/hfkDj0BtmY",2021-03-26 14:07:10
166,AAPL,"Listen to the Triple Chucks Deluxe edition of @justinbieber’s #Justice: https://t.co/zTHwhEN8zU
@LILUZIVERT 
@jaden 
@QuavoStuntin 
@DaBabyDaBaby 
@torikelly https://t.co/HdbFu4oo6c",2021-03-26 04:21:46
167,AAPL,"Finally. 🏹❣️
From @LilNasX, this is “MONTERO (Call Me By Your Name).”
Listen now: https://t.co/Tsax5QBvkf
#CMBYN https://t.co/ErD9Tr6AXh",2021-03-26 04:06:25
168,AAPL,"#DWTDTAOSO is almost here. 🦋💖
Listen to #DancingWithTheDevil from @ddlovato: https://t.co/bzmSe5g6XV https://t.co/Tq4Dt8Fxx1",2021-03-26 04:01:25
169,AAPL,"Fresh #FromTheVault. 💛💛
@taylorswift13 @MarenMorris

Listen to #YouAllOverMe from #FearlessTaylorsVersion now. 
https://t.co/apCKccA0rR https://t.co/KYZaxtV9AA",2021-03-26 04:01:05
170,AAPL,"✈️💕💫
#KG0516 just landed.
Listen to @karolg’s new album now: https://t.co/s8nGCpUJ0w https://t.co/1ckjMfKLKK",2021-03-26 00:08:26
171,AAPL,"Minutes away from #FirstListenKAROLG hosted by @zanelowe. 💖 

Watch a live listening session with @karolg as she plays new songs from #KG0516 and answers your questions live: https://t.co/PYUNmqwnwO https://t.co/dKo99hweuZ",2021-03-25 23:26:36
172,AAPL,"“The best part came a week after I'd turned in the remix, when Paul called to tell me he'd been dancing in his kitchen to the track all week.”

@PaulMcCartney x @beck lead #NewMusicDaily with #FindMyWay. Listen here: https://t.co/OmvaaDaIoc https://t.co/Vr207J0Yjv",2021-03-25 23:18:56
173,AAPL,"RT @strombo: .@systemofadown’s @serjtankian dropped the #Elasticity EP last week, featuring music he’s been holding onto for six years. We’…",2021-03-25 21:09:24
174,AAPL,".@guapdad4000 and @illmindPRODUCER teamed up on '1176.' They get into the 14-track project with @travismills.

Listen: https://t.co/MXznSQ6hbq https://t.co/TqrDXmwlqH",2021-03-25 20:44:24
175,AAPL,"On a very special episode of #LevelUpRadio, @ciara is joined by her husband &amp; @Seahawks quarterback @DangeRussWilson to discuss their first time meeting, their careers, and the music that connects them.

Listen now on Apple Music Hits: https://t.co/kIrGLYIHIF https://t.co/hMHoVgaOPd",2021-03-25 18:10:47
176,AAPL,RT @ThomasRhett: The stories outside of mine &amp; the people beyond me are what make the songs I get to share with you so special. Honored tha…,2021-03-25 17:36:03
177,AAPL,".@zaynmalik dropped #MindofMine 5 years ago today. 🤯
https://t.co/tFfTztGqQ9",2021-03-25 17:01:25
178,AAPL,"Listen to #SaveYourTears from @theweeknd on #AListPop. 💧
https://t.co/mQW68x3loo https://t.co/j2rTnmCxvX",2021-03-25 15:38:37
179,AAPL,Listen to #Unlearn from @ItsBennyBlanco x @gracieabrams on #NewMusicDaily: https://t.co/OmvaaDaIoc https://t.co/kXWN758tg8,2021-03-25 02:07:41
180,AAPL,"Mino (@lucaspoulshock) joins @w1lko on Apple Music 1 to spotlight artists coming out of Japan and play tracks from the #TokyoHighway playlist. 🇯🇵

Listen: https://t.co/N0VEgOH4Wo https://t.co/E9fj6HerY1",2021-03-25 01:39:39
181,AAPL,"RT @NukemNick: .@24kGoldn’s #ElDorado drops Friday. @yourboyeddie and I linked up with the Bay Area artist on #ThePlug Radio 🔌📻.

Open @App…",2021-03-25 01:14:01
182,AAPL,".@RitaOra and @realimanbek go beyond language and geographical boundaries on the #Bang EP.

Rita gets into the project on the @travismills show.

Listen on Apple Music 1: https://t.co/MXznSQ6hbq https://t.co/w4Nhq5D7jI",2021-03-24 23:00:01
183,AAPL,"“It’s about being patient and waiting for good things. And if there was ever a time to be patient, it’s right now.”

@michiganderband leads #ALTCTRL with #LetDown. 
Listen here: https://t.co/QGQn2wldnq https://t.co/b9J0VhHxMA",2021-03-24 20:15:32
184,AAPL,RT @celinedion: .@AppleMusic is getting in on the 'Falling Into You' 25th Anniversary celebration! Go Listen to 'Falling Into You' and all…,2021-03-24 18:50:09
185,AAPL,"“When that magic moment clicks in a song, it’s like the best feeling.”

@ItsBennyBlanco speaks with @zanelowe on #FRIENDSKEEPSECRETS2, his collaborators, and staying creative.

Watch the interview: https://t.co/dsvgNAgkap https://t.co/Tx94ciF1my",2021-03-24 18:03:14
186,AAPL,".@oldmanebro x @neweryork x @LowKeyUHTN discuss @Drake saluting @smoss and the latest with @iamcardib on this week’s #RapLifeReview.

Watch: https://t.co/Qp7Y0mmEpf https://t.co/rmw5IhScf2",2021-03-24 17:25:20
187,AAPL,"“There’s nothing more special than standing firm in who you are.”

@Fancyhagood shares the story behind #SouthernCuriosity.

Watch the short film &amp; listen to the track: https://t.co/F5FMDn7RL8 https://t.co/Zrkgt9gcys",2021-03-24 16:24:47
188,AAPL,"#GiveItToMeStraight is the latest from @TenilleArts. The Canadian singer joins @TyBentli to speak on the track and performing at the @opry.

Listen on Apple Music Country: https://t.co/hhrhL5rTDa https://t.co/J2W6BXHLMb",2021-03-22 18:01:46
189,AAPL,"“I put everything into this album because it’s my diary, the raw soundtrack to my life.”

New @iStarrah is here. Listen to #TheLongestInterlude now: https://t.co/RVkSNn0iNz https://t.co/jNlqko3PGm",2021-03-22 17:36:39
190,AAPL,"New 🔥 from @piso21music is ready for you on #DalePlay. 
Listen to #TanBonita: https://t.co/Cpinwzt2LM https://t.co/7o5WgOSHz3",2021-03-22 16:15:49
191,AAPL,"""I always wanted to make a record like this with Davido, especially because of my admiration for him as an artist, father, and someone with a big heart.”

Listen to #FORYOU from @TeniEntertainer x @davido on #AfricaNow: https://t.co/G5qXPnHTDQ https://t.co/2q8fxWeCwZ",2021-03-22 13:54:50
192,AAPL,".@kennychesney leads #TodaysCountry with #KnowingYou.

Hear the track &amp; the interview with @kelleighbannen: https://t.co/6wxVjrppoP https://t.co/QrdzUWC8Ov",2021-03-22 03:36:08
193,AAPL,".@JadAbumrad joins Apple Music Hits with a new monthly show, Everything. Together. Radio.

On the debut episode, he creates a genre-hopping mixtape spanning multiple decades and continents: https://t.co/exBWJBAguL https://t.co/CeDcZ265cE",2021-03-22 01:00:01
194,AAPL,"Aubrey Preston and Peter Cooper join @davecobb7 on #SouthernAccents to talk about the legendary artists who have recorded in Historic RCA Studio A &amp; B in Nashville.

Listen now: https://t.co/ejZxbWBf4O https://t.co/XSl8FSDgr8",2021-03-21 22:18:26
195,AAPL,"Get into @BennyBsf's #ThePlugsIMet2.

He spoke to @neweryork about the project and how he got @FrencHMonTanA and @jimjonescapo on ""Longevity.”

Watch the #RapLife interview: https://t.co/l0c1ZYfOcZ https://t.co/g9290vSjlj",2021-03-21 18:36:46
196,AAPL,"Listen to @theweeknd's #HouseofBalloons (Original). 🎈
https://t.co/kypTjnVFyR",2021-03-21 17:04:36
197,AAPL,"New @piso21music is here. Featuring…
@maluma
@myketowerspr
@bep
@elnodal
@zionylennoxpr
&amp; more. 

Listen to ‘El Amor En Los Tiempos Del Perreo’ now: https://t.co/3SP7s1CBl7
#EAELTDP https://t.co/VdQa8VdRpC",2021-03-21 15:45:23
198,AAPL,".@hayden_james x @GorgonCity x @nattdunn_ lead #danceXL with #Foolproof.

Hear the track &amp; the interview with @annalunoe: https://t.co/pl3u1UQQyv https://t.co/hiCPctEXxH",2021-03-21 05:17:15
199,AAPL,".@MickeyGuyton joins @breland on #LandOfTheBRE Radio to talk about collaborating on the “Cross Country” remix and the success of her song #BlackLikeMe.

Listen: https://t.co/QDUqqlY0eT https://t.co/zLZCIzkuoW",2021-03-20 19:33:33
200,AAPL,"Watch the music video for #TheSkyCries performed by @SalekaNight from Season 2 of @Servant.
@AppleTV @LakeshoreRecs
https://t.co/OduLcpusOc",2021-03-20 18:07:09
201,AAPL,"“You can’t record your debut album again, so I ensured #WONDALAND will be that album I would listen to in 20 years, and it would still sound just as fresh.”

New @TeniEntertainer is here. Listen to #WONDALAND: https://t.co/xIWuzq1ZAj https://t.co/nY25cXObhX",2021-03-20 14:33:00
202,AAPL,"In honor of Women's History Month, @karolg brings you #BICHOTARadio.

On Episode 1, she speaks with female artists bringing a new sound to Latin music, including @KALIUCHIS, @NathyPeluso, #BadGyal and @naikinai19.

Listen: https://t.co/6kSXUK4L7b https://t.co/t0pQDdXQbF",2021-03-20 02:41:03
203,AAPL,"This collab. 🙌
@justinbieber
@DanielCaesar
@giveon

Listen to #Peaches on #NewMusicDaily: https://t.co/OmvaaDaIoc https://t.co/6o8u6PQh6r",2021-03-19 23:40:45
204,AAPL,"RT @rebecca_judd: Rounded off my week on @AppleMusic 1 with the amazing @celeste co-hosting the show with me, picking some of her favourite…",2021-03-19 21:28:40
205,AAPL,".@IDK joins Apple Music 1 with #RadioClue, a show that aims to create an environment where exposure to music is tied to specific memories.

Listen for new music and hidden gems: https://t.co/RvxlgltW4E https://t.co/8GTIpMUYXx",2021-03-19 20:30:53
206,AAPL,"“When an artist writes their own music, that's what's most genuine. I feel like that's how you really can connect with your fans.”

New @palomamamicl is ready for you. 🕊

Listen to #SueñosdeDali &amp; read the track-by-track interview: https://t.co/ARkkam7Kxu https://t.co/vUpAXKQI6Z",2021-03-19 19:20:03
207,AAPL,"From @LanaDelRey, this is #ChemtrailsOverTheCountryClub. 
Listen now: https://t.co/LVy991QwUE https://t.co/cgQ75m3f31",2021-03-19 17:56:22
208,AAPL,"#JB6 is here.

With appearances from…
@thegreatkhalid
@chancetherapper
@thekidlaroi
@dominicfike
@DanielCaesar
@giveon
@WhoisBeam
@burnaboy
@ItsBennyBlanco

Listen to @justinbieber’s #Justice now: https://t.co/uFIEp9OAMo https://t.co/bOK4dNmCRj",2021-03-19 16:29:33
209,AAPL,"RT @tim_cook: The horrific violence against the Asian community, as evidenced by Tuesday’s murders in Georgia, calls us all to speak up and…",2021-03-18 15:58:54
210,AAPL,".@nickjonas curates an exclusive playlist from home with @zanelowe and talks hanging out with @theweeknd, @tydollasign, and @edsheeran.

Listen: https://t.co/xSn2pvpqai https://t.co/pcrlmCmZuG",2021-03-17 01:10:21
211,AAPL,"RT @travismills: I’m catching up with the team from @TeenagerTherapy, a podcast that's a coming of age story portrayed in real time.

Liste…",2021-03-16 22:45:02
212,AAPL,".@imaginedragons lead #ALTCTRL with #FollowYou.
Listen: https://t.co/QGQn2wldnq https://t.co/wHzwhNx7P9",2021-03-16 18:11:03
213,AAPL,"“I feel like I'm finally the artist that I've actually wanted to be.”

New music from @Tom_Grennan. He talks #EveringRoad with @rebecca_judd.

Listen: https://t.co/QFCSHi8dqX https://t.co/PjNbB4X2dk",2021-03-16 14:53:31
214,AAPL,"“I just paced back and forth in the studio listening on repeat like THIS IS ITTTT.”

New @porterrobinson is almost here. Pre-add #Nurture &amp; listen to #Musician.
https://t.co/imEayXpwJv",2021-03-15 19:01:50
215,AAPL,What’s the first song you’re listening to this week?,2021-03-15 17:37:33
216,AAPL,"RT @TyBentli: Jumpin’ into a big week! 

I’ve got @ShaneMcAnally and #ColorMeCountry host @RissiPalmer joining #TheTyBentliShow this week.…",2021-03-15 17:36:02
217,AAPL,"Musician and Activist @JonBatiste celebrates Black American culture with his upcoming album #WEARE.

He discusses the forthcoming project with @zanelowe. Listen live on Apple Music 1: https://t.co/qWJH6nHdZv https://t.co/1jwD21KKwK",2021-03-15 17:02:44
218,AAPL,"All it takes is AirPods and the right song to turn the world into your playground.

Watch Apple’s latest film, “Jump” and listen to @YNGFRNCO’s #FallinApart featuring Denzel Curry &amp; Pell: https://t.co/o0doyUb7f7 https://t.co/JL1Y62WRO5",2021-03-15 16:54:00
219,AAPL,"“Painting stars upon your ceiling ‘cause you wish that you could find some feeling”

@justinbieber leads #AListPop with #HoldOn. Listen here: https://t.co/mQW68x3loo https://t.co/c3pSApx60e",2021-03-15 15:27:35
220,AAPL,"New @RoddyRicch just landed.
Listen to #Heartless (Live From LA): https://t.co/3MR6Nn7w53 https://t.co/nmyZ91htts",2021-03-15 04:06:23
221,AAPL,"Cleve Francis (@muzicdoc2), @ValierieH, and Frankie Staton join @RissiPalmer on #ColorMeCountry to reflect on the Black Country Music Association.

Listen: https://t.co/gM5ZJlwSBp https://t.co/ZA69VKjZvF",2021-03-14 23:36:20
222,AAPL,".@TheValerieJune joins @joywilliams to talk through the importance of dreaming and her new album, 'The Moon And Stars: Prescriptions For Dreamers.'

Listen to #SouthernCraft Radio on Apple Music Country: https://t.co/Fgga6aT958 https://t.co/i1QXF55kMe",2021-03-14 19:03:19
223,AAPL,"“We wrote #GrowingUp in 2019, but I had this title in my phone for about a year before then.”

Listen to the latest from @ThomasRhett on #TodaysCountry: https://t.co/D169zb8m45 https://t.co/dbbao0kgUj",2021-03-14 17:16:44
224,AAPL,Listen to #AllToMe from #UpNext alum @giveon on #RnBNow: https://t.co/mm1qmG3mjl https://t.co/d8N16FmGSn,2021-03-14 15:50:58
225,AAPL,"Future beats, eclectic soul, forgotten gems and timeless sounds.

Lock in to @joekay’s @Soulection Radio episode 496: https://t.co/vvdTU8ZjcY https://t.co/VF9MQpAg77",2021-03-14 02:02:51
226,AAPL,"Backstreet's back. 😍

The @backstreetboys close out the season of #AllIHaveToGive Radio playing their favorite BSB tracks and answering fan questions.

Listen now: https://t.co/nBXGa9U2iC https://t.co/FihNpDAGSB",2021-03-13 19:57:40
227,AAPL,"Singer-songwriter @TieraMusic's self-titled EP is here.

She joins @wardguenther on #CountryRisers Radio to discuss her new work.

Listen: https://t.co/7P22o4Hpf7 https://t.co/bPD7vxMw8v",2021-03-13 16:31:28
228,AAPL,"""I've been taking more inspiration from the rhythms of walking and cycling."" 

@indiajordan8 leads #danceXL with #AndGroove. Hear the track &amp; the interview with @annalunoe: https://t.co/pl3u1UQQyv https://t.co/tLU7u7XeWC",2021-03-13 14:58:34
229,AAPL,"Nick Hoffman (@NicksWildRide) is kicking off a new season of #BackPorchCountry Radio.

Listen now for free on Apple Music Country or anytime with a subscription: https://t.co/C38TDPmlPS https://t.co/4BE4XP1QR0",2021-03-12 22:06:50
230,AAPL,"The @Russo_Brothers join @strombo to talk #Cherry, starring @TomHolland1996.

Listen live on Apple Music Hits and watch the film on the @AppleTV app with an Apple TV+ subscription.

Episode: https://t.co/WbvGxQP3N6
Film: https://t.co/f8hsV7ciuH https://t.co/DLwdsohulK",2021-03-12 22:00:01
231,AAPL,Today on #RapLife: “Wants and Needs” @Drake x @lilbaby4pf. Listen now: https://t.co/D2iWgW75HZ https://t.co/f9HWjz61ea,2021-03-12 18:36:02
232,AAPL,".@remhq's #OutOfTime is 30.

The band's Michael Stipe and Mike Mills reflect on the album with @w1lko.

Listen: https://t.co/yLyAGzM3Na https://t.co/FzzCJyZeMi",2021-03-12 18:00:03
233,AAPL,RT @arloparks: I curated a list of books that’ve affected me and held me together over the years for @AppleBooks. It was lovely to chat wit…,2021-03-12 17:20:14
234,AAPL,".@DanReynolds of @Imaginedragons is on with @zanelowe talking #FollowYou, #Cutthroat, and working with @RickRubin.

Lock in to #NewMusicDaily live on Apple Music 1: https://t.co/kNSzlQpGJB https://t.co/cJJ0FBiJXu",2021-03-12 17:00:40
235,AAPL,"Celebrating 20 years of Daft Punk’s #Discovery.

Revisit the album: https://t.co/CgUxuN5PFn https://t.co/vAUnkCVbWU",2021-03-12 15:14:53
236,AAPL,"The words and sounds of a #Revelación.

New @selenagomez is here. Listen to the EP now: https://t.co/2eilFU2YBo https://t.co/wMnMExs0lz",2021-03-12 05:05:11
237,AAPL,".@TieraMusic's debut self-titled EP just landed. 🤍

Listen: https://t.co/zqEoFnisOS https://t.co/4nnLehHvU0",2021-03-12 05:04:05
238,AAPL,"New music from #ROSÉ is ready for you. Listen to #OnTheGround and #Gone now.

https://t.co/zL2iMfDBrU 🖤
@BLACKPINK @ygofficialblink https://t.co/RYxcUOgVu9",2021-03-12 05:02:51
239,AAPL,"“#FollowYou is supposed to be this composed piece, #Cutthroat is supposed to be the exact opposite, which is just chaos.”

@Imaginedragons are back.
Listen to two new tracks now: https://t.co/xxAuw8BNoY https://t.co/ZeQBbNadl0",2021-03-12 05:02:13
240,AAPL,"“I wanted to turn our isolation into something that could connect us.”

New @nickjonas just landed. 🚀

Listen to #Spaceman and read the track-by-track interview covering every song: https://t.co/3XHRzLGjJ4 https://t.co/9J2rnJQAEX",2021-03-12 05:01:50
241,AAPL,".@lukelaird connects with fellow songwriter @thebarrydean on a new episode of #CountryReplay Radio.

Listen live on Apple Music Country: https://t.co/G0UjsPDppC https://t.co/EXxqPcO0Cx",2021-03-11 22:00:02
242,AAPL,"👏 👏 👏
#SlowClap for new @gwenstefani.
Listen on #NewMusicDaily: https://t.co/OmvaaDaIoc https://t.co/vMwqNIm8lx",2021-03-11 18:28:03
243,AAPL,".@dariusrucker joined @kelleighbannen on Apple Music Country to talk about the new National Museum of African American Music in Nashville.

Listen here: https://t.co/iZryTCthQI https://t.co/ZtErFXnL5v",2021-03-11 17:28:42
244,AAPL,".@elliecrowsell of @wolfalicemusic took over @w1lko's show for #InternationalWomensDay.

Listen back to the episode now: https://t.co/N0VEgOH4Wo https://t.co/tzOejS8wUw",2021-03-11 15:35:16
245,AAPL,".@lindsayell talks about her album #hearttheory on the @kelleighbannen show.

Listen now: https://t.co/iZryTCthQI https://t.co/Jo1uFcyfgI",2021-03-10 23:59:05
246,AAPL,"Neo-soul, light psychedelia, and a touch of urban grit.

@BlackPumasMusic connect with @strombo on Apple Music Hits.

Listen: https://t.co/WbvGxQP3N6 https://t.co/aBlvVRCpql",2021-03-10 22:00:01
247,AAPL,"Listen to...
@carlypearce
@MickeyGuyton
@KelseaBallerini
@MarenMorris
@AshleyMcBryde
on #TodaysCountry: https://t.co/D169zb8m45 https://t.co/WtP7835a8l",2021-03-10 20:17:32
248,AAPL,"Happy Birthday #BadBunny. 👁 🤍
What’s your favorite @sanbenito song?
https://t.co/S82DPEdu4B",2021-03-10 19:11:15
249,AAPL,"This week on #RapLifeReview, @oldmanebro x @neweryork x @LowKeyUHTN talk new ventures for JAY-Z and @Drake’s ’Scary Hours 2.’

Lock in: https://t.co/Oac6NqQyJn https://t.co/VzYjdPYHFG",2021-03-10 18:17:07
