,Ticker,Tweets,Time
0,AMZN,"@mindovermadi Why did the girl throw the butter out of the window? 😀 To see a BUTTER FLY! 🦋 😆 Haha, that wasn't our strongest joke. But for real, these sunnies are adorbs! You'll definitely look FLY wearing them. That was the last joke, we swear. 😎 😜",2021-04-22 23:03:01
1,AMZN,@Kylieraewriter Haha! The driver was probably like 👁️ 👄 👁️ . We love it! Thanks for sharing the giggles with us today! 😆,2021-04-22 19:49:50
2,AMZN,"@simonhua We're drooling! 🤤 That sounds amazing! We'd love to send you a few things to help your future cooking adventures! If you're interested, please provide us your details here: https://t.co/UxOTtc4EhT. 🎁",2021-04-22 18:08:47
3,AMZN,These are just a few of the ways we’re helping. Learn more 💚👇 https://t.co/h6GxE0pV4d,2021-04-22 15:00:01
4,AMZN,We’re making smarter 🧠 packaging choices with smaller and lighter packages 📦 so we can pack more orders into every delivery and make fewer trips (and burn less fuel!). ⬇,2021-04-22 15:00:01
5,AMZN,"We’re working to power our operations with 100% renewable energy 💡by 2025 (5 years ahead of schedule) and roll out 100,000 electric delivery vehicles 🚙 by 2030 to help reduce carbon emissions. ⬇",2021-04-22 15:00:00
6,AMZN,"Look for the ‘Climate Pledge Friendly’ 🌱 badge when shopping 🛒 to find products that meet sustainability standards, according to trusted certifiers. ⬇",2021-04-22 15:00:00
7,AMZN,"Climate change 🌍 is an urgent issue, and we're using our size and scale to help protect our environment and communities. 

Here’s what we're doing to reach net-zero carbon by 2040 and help you shop more sustainably. ⬇ #EarthDay",2021-04-22 15:00:00
8,AMZN,@MyCatHarey Just look at that sweet face! ❤️ 😍 ❤️ Did Henny receive any treats in the package? 🦴 This pup's paw-recious smile leads us to believe that they did! 🥰,2021-04-22 14:32:18
9,AMZN,"@ImBharatKothari In response to the details shared, you should've received a correspondence from our team. Kindly check and reply to it for further assistance. Please don't provide your details, we consider it personal information. Our page is visible to public.

-Dheeraj",2021-04-22 03:24:56
10,AMZN,"@dannniiiaaa Yes! Love it!! 😍 Fashion is definitely timeless! 👗 We'd love to send you a little something to help take you back in time! If you're interested, please provide us your details here: https://t.co/MVxbM2EFbn. 🎁",2021-04-22 00:14:17
11,AMZN,@_GabriellaDB WE FEEL THE NEED...THE NEED FOR SPEED! 🛫 😜,2021-04-22 00:05:19
12,AMZN,"@dannniiiaaa OOOOOO. 👀 We LOVE vintage. Are we talking Victorian era vintage? 🎩 Or 70's vintage? ☮️ Or *shudder* 90's vintage? 💿 HOW SCARY IS IT THAT THE 90S CAN BE CONSIDERED VINTAGE?! 😭 We feel old now. But! Tell us, how vintage are we talking?! 👀 👀",2021-04-21 23:45:43
13,AMZN,@MochaSprinkle You're meow-st welcome! 😊 Can you tell us the name of this purr-ecious kitty? 😻,2021-04-21 20:48:30
14,AMZN,"@EAtzeff What do you call a shoe made from a banana? 🍌 A SLIPPER! 😂 All jokes aside, these are super cute, and we're glad your feet are cozy &amp; fashionable! 👣",2021-04-21 20:48:30
15,AMZN,@JonathanandBall Your 🐕 + 🧦 + 📦 = being socked with surprise! 😄 Can you tell us your pup's name?,2021-04-21 20:48:30
16,AMZN,"@quiggleness *chef's kiss* The outfit you put together is giving us all the #brunch vibes! 🥞 🍓 🤳 We're not saying it's a fashion competition, but if it were--you'd definitely take top prize! 😜",2021-04-21 18:48:15
17,AMZN,@HuggableHipster We're so glad everything arrived safely!! 😀 Anxiously waiting the unboxing on the 24th! 😬 😀 👌 🤳 🍵,2021-04-21 17:48:00
18,AMZN,@simonhua So much to unpack here! 😂 1. THIS MEAL SOUNDS DELICIOUS. OMG. 🤤 2. Having your dad be a professional chef was probably awesome! 👨‍🍳 I bet dinner at your house was on point! 👏 🌮 🥞 🥙 🍔 🍜 And 3. What is your favorite thing to cook as of now? 😀,2021-04-21 17:42:21
19,AMZN,@ShutUp_Cooper We think this is an OVERALL great decision. 😜 We bet you'll rock them!! 🤟 👖,2021-04-21 16:54:00
20,AMZN,".@Alexa99, where can I get a COVID-19 vaccine? 🤔 

Alexa can now help find a vaccination site near you. https://t.co/YRwDKAdhPp https://t.co/dWyWTwGEca",2021-04-21 16:29:32
21,AMZN,@_Brenna_B We're so happy we could help you look stylish while you're in #workoutmode! 💪 😎,2021-04-21 16:27:05
22,AMZN,@EmZup513 But wait! There's MORE! 😉😜 Be on the lookout for another paw-ckage arriving soon. 🎁 We can't wait to see what you and Princess Jasmine think about it! 🐶 👑 💕,2021-04-21 16:00:20
23,AMZN,"@FishKayleah Your favoriteee?! 🥰 Awh shucks, you're making us blush! 🥺 👉 👈 💕",2021-04-21 15:58:01
24,AMZN,@chabs_xo Ugh ilyyyy MORE! 😜💕💯,2021-04-21 15:57:17
25,AMZN,@chabs_xo We love that you're enjoying Amazon Fresh! 🥰 We're happy we can be here for you!,2021-04-21 14:39:17
26,AMZN,Black lives matter. https://t.co/ekA6eq9Bxp https://t.co/VeKswKdzqW,2021-04-21 03:37:01
27,AMZN,@FishKayleah 😊 ❤️ 👍,2021-04-20 20:55:31
28,AMZN,@hankd_wx We think this purchase was well plotted and mapped out! 😁 🗺️ 📍,2021-04-20 20:41:55
29,AMZN,"@mrsjones72812 Our box tower is getting so big that we pretend we're King Kong climbing the Empire State Building. Needless to say, it's getting a little out of hand. 😂 🐒🏙️",2021-04-20 18:59:19
30,AMZN,"@Toya610_ 🐐 We've GOAT your back when it comes to deliveries! 📦 Sorry about the pun, we know it was pretty BAAAAAAAAAAAD. 😂 🐐",2021-04-20 15:23:49
31,AMZN,@EmZup513 Thank you for submitting your de-tails so quickly! 🐶 Be on the lookout for a couple surprises arriving soon! 😛 🚚 💨 📦,2021-04-20 14:24:29
32,AMZN,@AnupWarrier This is what we love to hear! 🥰 Thanks for the shout-out!,2021-04-20 13:12:53
33,AMZN,@Sparklett21 LOVE IT! An absolutely purrfect delivery photo! 🤣 🤣 🐈 📦,2021-04-20 10:08:01
34,AMZN,"@Freedom87523429 As informed earlier, once return window period has been expired, we'll not be able to help you further. Thanks for understanding.

- Navya",2021-04-20 03:26:31
35,AMZN,"@EmZup513 Princess Jasmine deserves all the belly rubs and ear scratches! 👑 🐕 ❤️ We'd love to send your sweet little furball a tail wagging surprise! 😊 🎁 If you're interested, paw-lease provide your details here: https://t.co/ldDXTtqLWC. 🐾",2021-04-20 00:56:33
36,AMZN,"@gerardoangulo El reembolso ya fue realizado es decir, ya fue emitido a tu método de pago. ¿Qué plataforma usaste Amazon .com, Amazon .com.mx u otra?
-Sam",2021-04-20 00:45:00
37,AMZN,"@EmZup513 We LOVE Jasmine! 😍💜 When Jasmine isn't being a good girl and patiently waiting for a delivery, 🐕 📦 🚚 what else does this paw-fect little pupper enjoy doing? ⚾ 💤 🦴 🌳",2021-04-20 00:01:36
38,AMZN,@OwaJohnny Thank you so much for the kind words! 🥺 ❤️ We're thrilled to hear that we've helped make life a little easier for you. We appreciate the shout-out!,2021-04-19 23:13:22
39,AMZN,@c_Notess We think YOU are the best! 💯 Thanks for the shout-out! 😎,2021-04-19 23:02:16
40,AMZN,"@ghettogospeII Thanks for asking! We'd be happy to investigate this with you directly. At your earliest convenience, please get in touch with us here: https://t.co/YyJL5tm1TP. As we can't access account or order details via Twitter, this will allow us to best assist! -Ana",2021-04-19 20:18:47
41,AMZN,@haleyrdaniel You're so welcome! 😀 🍓,2021-04-19 19:23:45
42,AMZN,@goosenapper We're happy we could help add some excitement to your day! 😊 👍,2021-04-19 19:23:45
43,AMZN,"@jo_mcglothlin We'd get along great with these doggos! 💯 Those are, without a doubt, some of our favorite activities! 😂 If you don't mind sharing, what are the names of your lovely fur babies? 🐕 ❤️",2021-04-19 18:57:32
44,AMZN,@shut_up_Rach We're happy to hear that you're sat-hiss-fied with your purr-chase! 😂 🐈 📦 🐾,2021-04-19 18:57:19
45,AMZN,"@BlueForState You won't have to jump over hurdles to find a stopwatch anytime soon...looks like you're all ready, set, go! 😁 ⏱️ 🏃‍♂️",2021-04-19 18:56:03
46,AMZN,"@_NayyyJ_ We can hardly contain our excitement! 🤗 📦 Does this package happen to contain items for the wedding?  🤔 💭 We see someone's getting married! Welcome to the ""I DO CREW""!🔔⛪🕊️💍❤️",2021-04-19 18:54:33
47,AMZN,"@DivaNamedDom As the old saying goes, the early bird gets the... Amazon Fresh order? 😂 🛒 🐦 🐛 Thanks for the shout-out!",2021-04-19 18:53:50
48,AMZN,"@udnetne Alexa, play ""Here Comes the Bride"". 💒 🕊️ 💍 👰 Congratulations on your engagement! We'd love to send a surprise your way for the big day! 😀 ❤️ If you're interested, please send us your details here: https://t.co/pOTzCmm5GW. 🚚 💨 📦",2021-04-19 18:53:33
49,AMZN,@Radiant_Silk Now that's what we call self care! 😌 ✨ 🐆 🍜 🍿 🎬,2021-04-19 01:59:14
50,AMZN,"@jo_mcglothlin Hiking sounds like a tail wagging adventure! 🐕 🐾 🌳 ⛰️ Tell us, when your four-legged friends aren't being avid back-paw-ckers, 🎒 what are some of their favorite pastimes?  ⚾ 🦴 💤 ❤️",2021-04-19 01:58:35
51,AMZN,"@ilovefood486 Someone must've been feeling saucy! 😋😅 Tell us, are you more of a sweet &amp; savory or bold &amp; spicy fan? We like something that puts a little pep(per) in our step! 🥵 🌶️ 🔥",2021-04-19 01:57:36
52,AMZN,@CherishToday08 Hello there! We saw your tweet and wanted to help out! 😀 Thank you for all you do for your students. 📚✏️🍎 Keep your eyes peeled 👀 for a surprise arriving soon!  🚚💨📦,2021-04-18 22:40:45
53,AMZN,"@timbump67 We can't deny, we're 🎶 all 'bout that bass, 'bout that bass, no treble! 🎶Jamming out to music is one of our favorite past times! 💃 What genre do you keep on repeat? 🎧 🔁 😎",2021-04-18 16:48:43
54,AMZN,"🚨Reminder: Catch up on all the Oscar-nominated Amazon Originals on @PrimeVideo before the awards are given out! 🎥🍿

▶️ https://t.co/SD0vOSlqSe",2021-04-18 16:30:33
55,AMZN,@Neio11 We're thrilled we could bring some excitement to your day! 💯 😀 👍 Thanks for the shout-out! ❤️,2021-04-18 15:58:47
56,AMZN,"“Add to cart” on Prime 🛒
Something to look forward to ✨
Waiting by the door. 🚪
#HaikuDay",2021-04-17 16:08:47
57,AMZN,"@mtnsosac Thanks for the update. To confirm your order status, we'd like to discuss this with you directly. Please contact us at: https://t.co/YyJL5tm1TP. Let us know how everything turns out. -Hank",2021-04-17 00:35:40
58,AMZN,@RobinPerini We're so happy we could make your day! 😀 Books definitely have a way of taking us on a journey! 📚,2021-04-17 00:35:11
59,AMZN,@JeanNicole19 Think of all the beautiful notes and stories and pictures you could make! 🎨 ✒️ 💭 😁,2021-04-17 00:35:08
60,AMZN,@hellohannah214 This is ultimate #adulting. 😂 We 💗 it!,2021-04-17 00:33:57
61,AMZN,"@nakotakayye Next favorite notification: ""Your package has been delivered!"" 📦 💗 😀",2021-04-17 00:33:57
62,AMZN,"@neshareneeg We're so happy you're enjoying your Prime membership! 😀 Tell us, what's your favorite membership benefit? 👍",2021-04-17 00:33:57
63,AMZN,@aprylelaine 👀 🚚 🤯 We're happy we could keep you on your toes! 😀,2021-04-17 00:33:57
64,AMZN,@AxSyke Aww! That's purrrrrrfectly sweet of you! 😻 What goodies did they get?! 🎁,2021-04-17 00:33:57
65,AMZN,@amberjenae_ It sounds like you have a great system! 📦 We like the way you think! 🧠,2021-04-17 00:32:30
66,AMZN,@jazminyvonneeee 📦 + 🏃 ⚡ = 💗 😀,2021-04-16 00:35:38
67,AMZN,@hawkinsdelaney4 We hope your new bed is helping you get bed-der sleep! 😉 🛏️ 💤,2021-04-16 00:15:42
68,AMZN,"@Kauai0604 😍 😭 Our hearts!  It sounds like your son is the sweetest! 💗 We definitely have ponies of the stuffed and plastic variety! 🐴 🎠 😜 Other than horses, what other activities or hobbies does your son have? ⚾ 🏈 🏎️",2021-04-15 23:29:26
69,AMZN,"@Naturally_Bri_ OOOH! 🙋‍♀️ Snacks! It's always a good day when food's coming your way. 🍒 🍫 🍇 🥑 🐟 🍟 🥕 (Yes, we totally rhymed and no totally didn't mean to.) 😜",2021-04-15 23:22:34
70,AMZN,@its_natalinaa You're thinking into the future! 🔮 We like it! 👍,2021-04-15 22:10:31
71,AMZN,@pelcheck You're so welcome! 🐳 We hope your family has a whale-y good time on this new adventure! 👶 💗,2021-04-15 21:25:30
72,AMZN,@emoore_III 🍇 Thanks a bunch for giving Amazon Fresh a shout-out! 🍓 We're berry grape-ful for your tweet! 🍇,2021-04-15 20:44:46
73,AMZN,"@KathJonez Hey there! Prime shipping refers to transit time, in business days, from when your order ships. There are many factors that can impact processing times, such as local availability and location. For more information, let's start here: https://t.co/PIMPnVhgSq. -Cory",2021-04-15 20:11:47
74,AMZN,"Celebrate #WorldBookDay with something new for your reading list. 📚 Now through April 24th, check out 🔟 Kindle books from around the world for 🆓! https://t.co/3ncnabWg2J https://t.co/F3FvGvKBxs",2021-04-15 19:56:31
75,AMZN,@AmandaMAtwell We hope Luna and Nacho are feline like a million dollars! 😸 😉 💗,2021-04-15 18:08:57
76,AMZN,"@DiningCooking Why do seagulls fly over the sea? Because if they flew over the bay, they'd be bagels! 🐦 😂 Bagels are EVERYTHING. Speaking of everything, we need to go order an everything bagel with butter. STAT. 🥯 🤤",2021-04-15 17:55:43
77,AMZN,@Diaamante_ That's so exciting! Can you ever have too much bedding? 🛏️ What color or pattern did you go with? 🎨,2021-04-15 17:54:57
78,AMZN,@Slim_Meag We hope you love your new steamer!,2021-04-15 17:43:39
79,AMZN,@danidaniiii_ The cat wasn't ready for his paparazzi debut yet! 🤣 We're happy we could deliver a smile your way! 😹,2021-04-15 16:52:45
80,AMZN,@__diejahhh__ PSHH! We say treat yourself!! 💗 💗,2021-04-15 16:51:57
81,AMZN,@Amazing_Mr_Rico Getting a new book is always a great feeling! 👍 📚 😊 Happy reading!,2021-04-15 13:55:51
82,AMZN,@grace_lesss 🥰 🥰 🥰,2021-04-15 13:54:15
83,AMZN,"@32ssgw Hey, enjoy! 😍 We're glad to hear you're enjoying the service. 😊",2021-04-15 13:53:47
84,AMZN,"@DeepikaPrema As requested earlier, we will not be able to take any actions on your account through this medium. Kindly follow up with the email received from our social media team for further assistance.

- Jansi",2021-04-15 10:46:42
85,AMZN,"@JaggiPagal We're sorry about the trouble with your Amazon account. Have you tried reaching out to our account and login issues team here: https://t.co/CmBrrb7LzY? 

-Sri",2021-04-15 01:55:24
86,AMZN,"@JaggiPagal Apologies for the unpleasant experience with your order. Our support team would be able to assist you immediately, have you reported this to our support team yet? If not, please contact us here: https://t.co/s1zpP3avPY , so we can assist you.

-Sri",2021-04-15 01:47:40
87,AMZN,"@JaggiPagal Apologies for the unpleasant experience with your order. Could you confirm if we've missed the estimated delivery date? 

-Sri",2021-04-15 01:33:45
88,AMZN,@AmandaMAtwell Thank you for giving us the oppurrrtunity! 💗 😸 📦,2021-04-15 00:31:51
89,AMZN,@OMyItsGabrielle Wow! Your tweet made our whole week! 😊 💗 We all hope you have a great day! ☀️ 🌻,2021-04-14 23:21:47
90,AMZN,@TheSharonBlack 💗 Yoga pants &gt; all other pants👖,2021-04-14 22:46:34
91,AMZN,@ServingSara 📦 + 🏃‍♂️ 💨 = 😀,2021-04-14 22:21:55
92,AMZN,@BimBiTo_09 Your new LED stripe looks pretty lit to us! 💡 😀 👍,2021-04-14 22:11:29
93,AMZN,"@buqra_yuce Hesabına erişemediğin için üzgünüz, smt-escalation@amazon.com.tr adresine Tweet`e ait bağlantı ve ulaşım bilgilerini gönderirsen incelemek isteriz. -Merve",2021-04-14 20:20:33
94,AMZN,@timbump67 It's great to hear you already love listening to your music on your Echo Dot! 🎵 🎶,2021-04-14 20:00:53
95,AMZN,"@_OliviaRae_ This made us giggle! 😂 We'd love to send you a little something to help with the birthday celebrations! 🎈 If you're interested, please provide us your deatils here: https://t.co/tqaut3sk8G. Please include your shirt/jacket size and shoe size! 😉 🎁",2021-04-14 19:58:54
96,AMZN,"@_OliviaRae_ We love this idea! Will there be dancing? 🕺 💃 What about pizza? 🍕 We love a good party (especially with such a good theme). 😉 Tell us, when you're not busy being awesome and taking trips around the sun, what hobbies or activities do you like to do in your spare time!? ⌚",2021-04-14 19:10:13
97,AMZN,@AliSchapira 📦 + 🚚 💨 + 🏡 = 🥳 😃 🎉,2021-04-14 18:28:41
98,AMZN,"@HMurph26 🖥️ Less desk space, but more computer space! There's definitely an upside to more digital storage! 👍",2021-04-14 18:24:44
99,AMZN,"@navylifewife We're sorry for the delayed reply! We'd love to brighten up your day with some new reading material! 📚 💗 If you're interested, please send us your details using this secure link: https://t.co/Lvyaf3YGYk. 🖍️ 🍎",2021-04-14 18:05:44
100,AMZN,@_thatsChloe This is re-fresh-ing to hear! 😁 We're so happy that you love Amazon Fresh! ❤️,2021-04-14 17:51:25
101,AMZN,@_flashBANG We love making new best friends! 💗 😀,2021-04-14 17:13:37
102,AMZN,@BossCadet_ 🔮 We love looking into the future and #Deliveringsmiles! 😀 🔮,2021-04-14 17:12:11
103,AMZN,@angelinairenexo Be on the lookout for a package arriving soon! 🚚 💨 📦 We hope the surprises help macra-make 🧺🧶 decorating the house less of a tassel! 😜🏡🎁,2021-04-14 17:12:11
104,AMZN,@sassylovesmakup We're so glad your order rocks! 😉 😀 👍,2021-04-14 17:12:03
105,AMZN,@_iRonikz We're sorry to hear about the trouble with your account. Have you received an e-mail from an Account Specialist with information regarding the status of your account?,2021-04-14 16:37:08
106,AMZN,@ShayMaskk 😊 ❤️ 👍,2021-04-14 16:24:25
107,AMZN,@pelcheck We couldn't be more excited for you! 🎉 That's coming up fast! 📅 We'd love to send a welcome gift! 💗 Please be on the lookout for a package from us! 🍼 👶,2021-04-14 16:23:34
108,AMZN,The perfect hump day treat. 🎁😊 https://t.co/ASn9dudgPD,2021-04-14 15:53:47
109,AMZN,@TheJoeRood What a cool name! What does Ainsley enjoy doing or watching when not playing with Alexa? 🖍️ 📺 ⚾ 🧸 🎹,2021-04-14 15:35:59
110,AMZN,@JumpinLilies You're most welcome! We hope you have a wonder-ful day! 😁,2021-04-14 15:24:32
111,AMZN,"@SimplyyAddicted 🔥 🔥 We have to agree, the new Fire TV stick update is FIRE! 😜 Thanks for the shout-out! 🔥 🔥",2021-04-14 15:23:26
112,AMZN,@Perez_330 We love that we can deliver some happiness to your day! 🥰,2021-04-14 14:39:43
113,AMZN,@isabelle_nkf #tbh it sounds like you've cracked the code on self-love. 🤷 We're glad you're spreading this knowledge! 🥰,2021-04-14 14:04:26
114,AMZN,"@grace_lesss #tfw your order confirmation hits! 😁 We know this joy, and we're so happy for you. Enjoy having pockets for snacks 🍪🍩 , for your hands when you twirl 💃; the options are limitless! 😍",2021-04-14 14:04:20
115,AMZN,"@sreemmsingh Sorry to know you've received an incorrect product. Please share your details here: https://t.co/84C4UKit1n and we'll reach out to you with further assistance. Please don't provide your details, we consider it personal information. Our page is visible to public.

-Dheeraj",2021-04-14 02:57:15
116,AMZN,@HuggableHipster EEEK! We're so excited too! Can't wait until they arrive for you! 🎁,2021-04-14 00:56:42
117,AMZN,@modkhaletc 💡 THIS IS SUCH A COOL IDEA. ✍️ Buy ✍️ fake ✍️ engagement ✍️ ring ✍️ for ✍️ real ✍️ ring's ✍️ overall ✍️ safety. ✍️ Genius! Thank you! 💍 💍 💍,2021-04-14 00:51:08
118,AMZN,"@Shortystax314 Variety is the spice of life! 🌶️ 🧂 😂 But really, treat yourself! 👏",2021-04-14 00:33:00
119,AMZN,@HuggableHipster Thanks for sending that information our way! Please keep an eye on your e-mail for a message from us! 💌 📨,2021-04-13 23:31:38
120,AMZN,@ThatOneSpazz 🌻 🌷 We're happy we could help your green thumb out! 💗 😄 Happy gardening! 🌱 🌿,2021-04-13 23:04:18
121,AMZN,"@HuggableHipster Yum! We'd love to be your new tea bestie and send you a couple of surprises! If you're interested, please provide us your details here: https://t.co/Cnb1O7jVje. 🎁",2021-04-13 22:48:25
122,AMZN,"@shesauthentic_ 🎶 AND WEEEEEEE WILL ALWAYS LOVE YOUUUUU! 🎶 😜 In all seriousness, we appreciate your love, and we 💗 you too! 🤗",2021-04-13 22:25:47
123,AMZN,"@HuggableHipster Aww, of course! Thanks for spreading so much positivi-TEA. 😜 Tell us, what are your top 3 tea flavors? We love any teas with hibiscus 🌺, orange 🍊, or mint 🌱.",2021-04-13 22:18:18
124,AMZN,@_jcongeni It sounds like Elijah knows how to paw-ty! 🐾 What other shenanigans have you caught on camera? 😂,2021-04-13 21:29:11
125,AMZN,"@HuggableHipster The aesthetic of this picture is beau-TEA-ful! 😉 Have we met before? Cause we're experiencing some deja BREW! 🍵 Next time you host a tea par-TEA, can we be invited? 🎉 We might be wall flowers at first though, cause we're a little CHAI. 😂",2021-04-13 21:28:55
126,AMZN,@DrizzleofRain TACO 'bout awesome!  💯 Is it weird that the taco pillow made us a little hungry?! 😂🤤 🌮 We hope you enjoy rocking the fanny pack and your new card game! 🃏 🌯 🎒,2021-04-13 21:28:37
127,AMZN,"@Neio11 We love delivering your orders in record time! ✈️ 🚚 💨 📦 We're curious to know though, in Hawaii, do they allow loud laughing? Or just a-low-ha? 😂 🌸 🌊 🌴 We hope you have a tropi-cool day!🍍 🏖️ 😎",2021-04-13 21:28:31
128,AMZN,@kaylaayr No shame in treating yourself; you deserve it! 🥰 We hope you have a very happy birthday! 🥳 🎂 🎉 Are there any birthday gifts in particular that you're hoping to receive? 🎁,2021-04-13 21:28:05
129,AMZN,@auntT125 You love it. ❤️ Your pups love it. 🐕 We love it. Your purchase sounds like a home run to us! 😊 ⚾,2021-04-13 21:04:31
130,AMZN,"@non_bunnary ☕ Time to pump, pump, pump it up and keep that coffee frothy! 😎 We hope you enjoy your coffee a-latte! Java nice day! ☕",2021-04-13 21:04:31
131,AMZN,@TheJoeRood This just melted our hearts! 💗 💕 What's this cutie's name?,2021-04-13 21:03:05
132,AMZN,"@ZimmerAuthor 🔮 We can see 👀 your future! 🧙‍✨ Okay, we can't take all the credit. Our crystal ball gave us a heads up! ☝️😂💯 Thanks for the shout-out, we love delivering your orders in a flash! ⚡🔮",2021-04-13 21:02:58
133,AMZN,"@anne2themax Proper hydration is H2 NO joke! 💧☝️😀 Sorry, we couldn't keep that pun BOTTLED up much longer. 😂🚱 We hope you enjoy your order!",2021-04-13 21:02:58
134,AMZN,"@angelinairenexo A new house! How exciting! 😀 We'd love to send a house-warming surprise your way to help make the new place feel more home-y! If you're interested, please provide us with the link to your wish list!  😊 🏡 🎁",2021-04-13 21:02:58
135,AMZN,@McIntyreFan2018 We 💙 you too! Thanks so much for taking the time to tweet us! 🎉,2021-04-13 21:02:58
136,AMZN,@21sigridr It seems like the universe wanted you to have a very 🌈 colorful 🌈 week! Enjoy your new art supplies! 🖊️🎨✍️,2021-04-13 21:02:58
137,AMZN,"@thebombshellpa Quick wit and quick deliveries is the name of the game, and we love playing! 😊 🚚 💨 📦 Thanks for the kind words! ❤️",2021-04-13 21:02:28
138,AMZN,"@Danbear1999 We're thrilled to hear you're enjoying your Echo! 😁 Tell us, what's your favorite feature so far? 🎶 ⛅ 📆 ⏰",2021-04-13 21:02:28
139,AMZN,"@kekefm1921 Ya know what's better than shorts with pockets? 🤔 💭 A dress with pockets! ☝️ 😀 👗 We have to say, being able to do a twirl and hide your snacks all at the same time is pretty awesome! 🍫 🍭 🍬",2021-04-13 21:02:28
140,AMZN,"@curlyhairvegan It's a surprise, silly! 😜 We wanted to make sure your birthday was the best in the cosmos! 🌌 We hope you enjoy your surprise 🎁 and that you feel like a star on your special day! ✨ 🌛 🚀 ☄️",2021-04-13 21:02:28
141,AMZN,@DocMom_TX What a purrr-tty paw-ckage you have there! 😻 🐾 📦 Those green eyes are mew-smerizing! 👀 💚 What's the name of this little floof ball!? 😊,2021-04-13 20:59:45
142,AMZN,@MrsMoyer16 We're thrilled we could add some new books to your classroom collection! Happy reading! 📖 💗,2021-04-13 20:59:45
143,AMZN,@marianaav__ Thanks for the shout-out! 😎 💗,2021-04-13 20:59:21
144,AMZN,"@TrkBeetleBailey RUT ROW RAGGY! 🐕 📦 😂 We'd love to forward your experience to our Operations team in order to recognize this driver! If you're interested, please send us your details using this secure link: https://t.co/d5ajvbB0pk.",2021-04-13 20:58:24
145,AMZN,@MaorOhzana We hope you had a wonderful Amazon Fresh experience! Sounds like you were expecting a pretty sweet delivery! 🍬 😁 🍭 Can you tell us your favorite types of candy?,2021-04-13 20:58:18
146,AMZN,@KB1HQS We're happy we can be here for you!  🚚 💨 😊 👍 Thanks for the shout-out!,2021-04-13 20:58:18
147,AMZN,@pelcheck We're so happy Macy loves the new bed and cat treats! 😻 💗 Congratulations on the new addition to your family as well! When is your bundle of joy expected to make their grand entrance? 👶 🍼,2021-04-13 20:58:18
148,AMZN,"@OldTownBandito Thanks so much for sharing these adorable videos with us! 💗 🐕 We're overjoyed you're having fun with your surprises, Bandito! 🍖 😀 👍",2021-04-13 20:57:49
149,AMZN,"@elliss_seven We guess it could be said that this delivery was out of this world? ✨🌌 🤔 💭 Sorry about the space pun, it didn't go how we initially plan-et. We thought we'd rocket. 🌎🤦‍️😂 Thanks for the shout-out!",2021-04-13 20:57:49
150,AMZN,@JeniPhillips226 You're very welcome! 🍎 💗 We're delighted we could help with a few items from your list. We all hope you have a wonderful day! ☀️ 😄,2021-04-13 20:57:49
151,AMZN,"@HannahRaeLane We beg your par-sley, 🌱 but it's thyme to get excited for this delivery! ☝️😀🚚💨 A new spice rack is sure to spice up the kitchen! 🍴 🍳 We hope you have a clove-ly day! 😋",2021-04-13 20:55:53
152,AMZN,@tonystarkksgf It appears your schedule this weekend will be fully BOOKED! 📚 😜 Happy reading!,2021-04-13 20:52:40
153,AMZN,"@Parina_Mistry Apologies for the unpleasant experience with your order. Could you reach out to our support team via phone using this link here: https://t.co/Zz1h731IWs for assistance? (1/2)

-Utsa",2021-04-13 15:35:22
154,AMZN,We want to know - when are you most likely to fill up your cart?🛒🧐,2021-04-12 18:34:55
155,AMZN,"@MyDestiny1 Wow, thanks for the shout-out!  We're so happy we can be here for you!",2021-04-12 12:40:55
156,AMZN,@alexuscolson @alexuscolson You totally NAILED it! We're loving the color polish you went with! 💜 💅 💯,2021-04-12 00:16:11
157,AMZN,@BungleBlue @LevParikian @StephenMoss_TV @BungleBlue Looks like you're fully booked! 📚 💗 Happy reading! 😀 ☀️,2021-04-11 23:47:50
158,AMZN,"@properlycat @properlycat We're paws-itively delighted you're enjoying your box! 🐾 📦 When you aren't playing in a box, what else do you do for fun? 😸 💗",2021-04-11 23:38:12
159,AMZN,"@haybucker 🥩 We love hearing that we're meat-ing your expectations, Matt! 😂 We appreciate the shout-out! 🥩",2021-04-11 23:24:00
160,AMZN,"@mystiqmurray It appears some-bunny is very excited about their package! 🐇📦 Tell us, what's the name of this ear-resistable little furball!? 🥺 ❤️",2021-04-11 23:24:00
161,AMZN,"@LeighWilder42 It's true! Some of us move with ninja-like precision. 💯 😎 The most important lesson of Amazon Delivery Driver training is Lesson 5: ""Package Parkour."" ☝️😀📦 It's mostly just perfecting our Michael Scott impression, jumping from small stoops and being as quiet as possible. 😂",2021-04-11 23:24:00
162,AMZN,"@curlyhairvegan 🎈🎉 Happy (early) birthday! 🎉🎈 We wanted to make sure your birthday, is as wonderful as you are! 📦 Be on the lookout for a surprise from us heading your way soon.  Enjoy your cake and ice cream! 🥳🎂🍨",2021-04-11 23:22:29
163,AMZN,@LaidBackVonte We've GOAT your back when it comes to deliveries. 😎 📦 🐐 Thanks for the shout-out!,2021-04-11 23:21:59
164,AMZN,"@notreallycj Oh, hi! It's nice to meet you! 🤝😁 🧀 This may sound cheesy, but your shout-out really brie-ghtened our day. We're grateful for your kind words! 🧀",2021-04-11 23:20:47
165,AMZN,@thebombshellpa 🥧 You're such a sweetie pie! We're so happy that you crust us to deliver your groceries! We thank you berry 🍓 much for the shout-out! 🥧,2021-04-11 23:19:17
166,AMZN,"@hergorgeousmess This gives us butterflies in our stomachs! 😊 🦋 We ❤️ you, too!",2021-04-11 23:18:52
167,AMZN,@KJHArtStudios We're happy we could help with the craft supplies you needed! We'd love to see what you're making next! 🎨 😄,2021-04-11 19:57:00
168,AMZN,@heavenxbrown We 💗 you too!,2021-04-11 17:33:15
169,AMZN,"🐶 Happy #NationalPetDay! 🐱 

It’s im-paws-ible not to smile when you watch these happy pet moments.👇
 
https://t.co/I5Jryrv81k https://t.co/71i5IVfDs1",2021-04-11 15:33:51
170,AMZN,"@MyrahAlam Sorry to keep you waiting. As you've shared the details, you'd have received a correspondence.  Kindly check it here: https://t.co/rvefXGAbDg.  -Erica",2021-04-11 03:22:34
171,AMZN,"@court_hayden20 We're clone away with this idea! The force will be strong with this one! We'd love to send something special to Chew. If you're interested, please send us your details using this secure link: https://t.co/uufi20TysX. ⭐ 🌌 👶",2021-04-10 23:58:48
172,AMZN,"@hulmey71 @hulmey71 Hello! We're sorry to hear this. Unfortunately, we don't have access to your account via Twitter, but we'd still like to assist if we can. Please let us know when was the last time you received an e-mail from our Account Specialists? -Heather",2021-04-10 23:58:40
173,AMZN,@AlokTiwaryjimm @aloktiwaryjimm We'd like to take a closer look at this. Please share your details on the link provided earlier and we'll reach out to you soon. -Varalakshmi,2021-04-10 21:32:48
174,AMZN,"@theMADkei @theMADkei OOOOO. We love your 3 C's! Ours may be creativity, cookies, and compassion! (Oatmeal chocolate chip cookies to be exact! 🍪 🍪 ).",2021-04-10 19:40:37
175,AMZN,@His_GoldenGirl All the sunflowers! 🌻 🌻 We love a happy aesthetic! What else in your life is covered in these bright flowers? 🌞,2021-04-10 18:49:31
176,AMZN,@_Toodaaa We happen to think the best time to go shopping is 6:30. Hands down! 😂🕡🤣,2021-04-10 17:07:01
177,AMZN,@LeneeTV We're happy we could help make shopping a breeze! 😀 🛒,2021-04-10 17:05:22
178,AMZN,@BorkinMan @BorkinMan We hope you got some yummy treats in your paw-kage! 💗 🐾 📦,2021-04-10 17:05:22
179,AMZN,"@crossingmomo Well, we love #DeliveringSmiles 😀. We hope you have a great rest of you day!",2021-04-10 17:05:22
180,AMZN,"@RecklessC_4 PSHH! TREAT. YOUR. SELF. 👏 👏 Tell us, did you get anything super fun for spring? 💐 🌷 🌺",2021-04-10 17:05:22
181,AMZN,@ATLLuxuryBarbie 📸 📦 📸 😀,2021-04-10 17:04:39
182,AMZN,@haleyrdaniel @haleyrdaniel We're so happy those items arrived safely! 😀 🍓 Please keep an eye on your mail for a couple more things! 🎁,2021-04-10 17:04:10
183,AMZN,@valarskii Aww. Thanks for the shout-out! 🤗 🤗,2021-04-10 17:03:44
184,AMZN,@MrsStrawberry @MrsStrawberry We're so hoppy you're enjoying your new camera! 🐇 😉 What's your cute bunny's name? 💗,2021-04-10 17:03:44
185,AMZN,"@Zzyzx92383312 Oh! We love this. You could search ""cool hat"" 🎩 , ""cool shirt"" 👕 , ""cool pants"" 👖 , and ""cool shoes"" 👞 , and have the COOLEST ❄️ outfit ever. Too much cool? Is there a thing as too much cool? Anyways! Happy ""cool"" hunting! 😜",2021-04-10 17:03:44
186,AMZN,@nathancallis5 That's so kind of you to say! 🥰 We appreciate you!,2021-04-10 17:02:24
187,AMZN,@Xrizztina Thanks for sharing the love! 💗 📦 💨,2021-04-10 17:02:24
188,AMZN,@Skyla94xd New home stuff is so fun! Are you doing some spring decorating? 🌻 🏠 🌷,2021-04-10 17:01:38
189,AMZN,@nochillsandy @nochillsandy Front AND back pockets!? You've hit the jackpot! 💯 👍,2021-04-10 17:01:37
190,AMZN,@court_hayden20 @court_hayden20 Congratulations! 🎉 Thank you for using the Amazon Baby Registry! 👶 When is your little bundle of joy to expected to make her entrance into the world? 🌎 Does your nursery have a theme? 💗,2021-04-10 17:01:37
191,AMZN,@AmandaMAtwell Thank you! 💗 🐾 Paw-lease keep an eye on your e-mail inbox for updates! 📨 👀,2021-04-10 17:01:13
192,AMZN,@TreColee_ We're glad you love our app! 😀 💗,2021-04-10 17:00:47
193,AMZN,@AustinEGreen1 @AustinEGreen1 We love it! 💗 You're looking fabulous! 😃,2021-04-10 17:00:36
194,AMZN,@roch_e_ll_e We're so happy you're enjoying your Kindle! What's your favorite genre of books to get lost in? 📚 💗 😊,2021-04-10 17:00:28
195,AMZN,@ChrisBFerguson We're happy we can be here for you! 😊 Thank you for the kind words!,2021-04-10 17:00:11
196,AMZN,@Nettey128 Cute and practical! 🦆 We also heard the rubber ducks are magical keys to turbo mode! 🔑 🚲 💨,2021-04-10 16:58:58
197,AMZN,@smileyperla_ How sweet! Your BF is lucky to have you! 💗 💕,2021-04-09 10:31:50
198,AMZN,@sunshinemkm This sounds delicious! 🤤 With some hot fudge on top? Yummmm. 🍨 🍦,2021-04-09 10:16:03
199,AMZN,"@wrexmason OOH! What do you call a pig that does karate? A pork chop. 😂 In all seriousness, happy viewing! 📺",2021-04-09 10:14:52
200,AMZN,"@AndrewSketches We totally understand! We've even considered getting a storage unit, just to try to contain ourselves. But sometimes, it's just not possible! Enjoy your order! 📦🚚🤣",2021-04-09 10:11:34
201,AMZN,"@SHREYASJH1 As informed earlier, the spelling is incorrect in the screenshot, please search with the word: Yuvarathnaa.

-Swapna",2021-04-09 08:07:18
202,AMZN,"@amittri25589047 All our offers and discounts are displayed on the website or as public announcements and advertisements through media. However, we'll be sure to forward your comments as feedback internally to the team for review. 2/2

-Trevor",2021-04-09 08:05:23
203,AMZN,"@amittri25589047 We get your concern. Please be aware that Amazon or its employees will never contact you to let you know about special offers, discounts or gifts on purchase of items from Amazon. 1/2

-Trevor",2021-04-09 08:05:10
204,AMZN,"@yanglnr0 Please be informed if you have shared your details in the link provided earlier, you should have received a correspondence from our social media team. Kindly respond to that correspondence for further assistance.
-Sai",2021-04-09 07:58:24
205,AMZN,"@jjs460 This is true. We don't take returns on this specific item. Happens all the time. The Super Cute Cat aisle is either getting confused with another, or we personally think our employees enjoy spending time there. In select cities, we do have an Adorable Cat Retrieval team. 🐱📦😹",2021-04-09 04:05:51
206,AMZN,"@Blondie951 Those sound AMAZING. 🥧 🥧 👀 We're drooling! 🤤 👏 We'd love to help out with your future pie endeavors! If you're interested, please provide us your details here: https://t.co/YueIGvJUz7.",2021-04-08 19:04:57
207,AMZN,@Marc200588 We're happy to hear that you're enjoying the update! 😊,2021-04-08 19:04:44
208,AMZN,"@marystackhouse 🎶 Always feel like, somebody's watching meeeeeee! 🎶 😆 We're happy we could provide the tracking entertainment. 👀 😜",2021-04-08 19:03:53
209,AMZN,@thelifeofKel Thank you for the delivery shout-out! 💗 📦 💨,2021-04-08 17:42:42
210,AMZN,"@Ma1inis BAAAAA! 🐐 Haha, just kidding. Thanks for the shout-out! 😀",2021-04-08 17:33:37
211,AMZN,"@Blondie951 We are pie obsessed!!! 🥧 😍 🤤 Other than the strawberry pie you're making (that sounds absolutely delicious), what are your top 3 pies? We'd have to go with cherry, pumpkin, and outta left field a good cheddar apple pie! YUM! 👏",2021-04-08 16:23:54
212,AMZN,"@OldTownBandito Running low on treats!? 🍖 What a ruff day! 🐶 😉 If you're interested in giving the squirrels a rest, paw-lease send us your details using this secure link: https://t.co/2Mxv4WCbLU. 🐾 💗",2021-04-08 16:14:06
213,AMZN,@TheGldDragon 🤗 You can make it through the day! 🤗,2021-04-08 16:03:16
214,AMZN,@pelcheck Thanks for sending in your details so fast! Please keep an eye on your e-mails for any updates! 📫 👀,2021-04-08 16:02:15
215,AMZN,"@JunkieGadget We are delighted to bring the happiness for you. Thank you so much for the feedback. We're happy to hear this. Have a great night.
-Pooja",2021-04-08 15:49:15
216,AMZN,"@Gorityu2 とんでもないことでございます。またお困りのことがあれば、24時間対応しておりますのでいつでもご連絡ください。
今後ともご愛顧賜りますようお願いいたします。 粂",2021-04-08 15:49:09
217,AMZN,"@harisha50264271 Please don’t provide your order/account details as we consider them to be personal information. Our Twitter page is visible to public. 
-Pooja",2021-04-08 15:43:04
218,AMZN,"@harisha50264271 We get your concern. Please note, in response to the details shared you should have received an e-mail from our Social Media team. Please check and reply to the same for further assistance. 
-Pooja",2021-04-08 15:42:56
219,AMZN,"@kajagopi As mentioned earlier, we've forwarded your feedback internally to concerned teams. Appreciate your understanding.
-Vara",2021-04-08 15:42:11
220,AMZN,"@Rishabh74899146 As informed earlier, kindly follow up with our team by replying to their email or resubmit your details for further assistance. As this resolution is certain, further requests to review the same will not receive a response from this platform.

-Vikash",2021-04-08 15:41:54
221,AMZN,"@ravikhurana098 Please understand, we will not be able to take any actions on the issue through this medium. In order for us to look into the details and assist you, kindly share the requested details using the secured link provided earlier. Appreciate your understanding. 

- Jansi",2021-04-08 15:18:30
222,AMZN,@neerajsingh1708 We can't access your account here. Please connect with using the link shared. Let us help you. -Bikram,2021-04-08 15:17:03
223,AMZN,@EpinardGuard Sounds like you got clucky and scooped up an eggcellent find! 😁 🐔 🥚 🐓,2021-04-08 14:18:40
224,AMZN,@auriana__y Thanks so much for sharing the love! We hope you have a wonderful day! ☀️ 💗,2021-04-07 22:57:55
225,AMZN,"@ArsalanTayyab2 Thanks for reaching out! We'd like to help however possible. We'd like to make sure we're providing you with the best information possible. When you shop with us, which one of our international Amazon websites/marketplaces (.com, .co.uk, .ca, etc.) do you use? Let us know. -Karen",2021-04-07 22:16:33
226,AMZN,@KephyanSheppard We're so glad to hear you had a great experience with your Amazon Wardrobe order! Thanks for the shoutout!! 📣😆 📣,2021-04-07 22:12:42
227,AMZN,@cjon_ Ouch! That's rough! Sounds like someone has a nap in their future! 😴🛌💤,2021-04-07 21:03:05
228,AMZN,"@pelcheck How su-purrr-b! 😸 + 📦 = 💗 We'd love to send a surprise to you and Macy! When you have a moew-ment, please send us your in-fur-mation using this secure link: https://t.co/nN1ZzyQbD7. 😀 📨",2021-04-07 20:27:23
229,AMZN,"@AmandaMAtwell We'd love to help them with their purrr-suits! 😸 If you're interested, paw-lease send us your details using this secure link: https://t.co/2d90DCL0f0. 🐾 💗",2021-04-07 20:23:31
230,AMZN,"@NotPennysBoat42 Thank you for reaching out to us! We'd love to share your experience with our Operations team in order to recognize the driver! When you have a moment, please send your details to us here: https://t.co/gLnKkOaQgT.",2021-04-07 19:57:31
231,AMZN,@defmohae 📦 + 🏃‍♂️ 💨 = 😀,2021-04-07 19:56:49
232,AMZN,@TJaquanC_16 💗 You're so sweet! How old is your baby? 💗,2021-04-07 18:22:37
233,AMZN,"@ummi_be That's really awesome of you! Just think, she'll be a pro in no time! 🛍️🛒💻",2021-04-07 18:05:48
234,AMZN,"@AmandaMAtwell What cute names! When Nacho and Luna aren't watching TV, what do they enjoy doing for fun? 🐦 🧶 🎣 💤",2021-04-07 17:34:48
235,AMZN,@oliviakelly08 *Insert happy dance here* 💃 🕺 💃 We're happy to bring excitement to your day! 😁,2021-04-07 17:33:57
236,AMZN,@mollycrossin We're so happy we could be your one stop shop! 😀,2021-04-07 16:37:14
237,AMZN,@pelcheck Sounds like the purrr-fect cat dream! What's your cuddle bug's name? 💗 😸,2021-04-07 16:27:36
238,AMZN,@AmandaMAtwell Looks like they're having a paws-itively good time! 😸 📺 What are their names? 💗,2021-04-07 16:05:40
239,AMZN,@hope_play_music You're very welcome! 😀 We're so glad the gifts brightened your day! ☀️ We know your wedding will be amazing! 💗,2021-04-07 15:35:29
240,AMZN,@CaraMacMedia How did we know? 🤔 ☝️ 💡 We bread your mind! 😁 🍞 We hope you have a loafly day!,2021-04-07 12:35:36
241,AMZN,"@akpekke Sorry about the disappointment. Delivery estimates are calculated considering certain factors such as destination pin code, availability of stock, fulfillment center from where the item is being dispatched, etc. Kindly wait until the estimates provided. 

-Dheeraj",2021-04-07 06:25:12
242,AMZN,"@BhopaliEr Cancelled orders cannot be reinstated and the refund will be credited within 3 to 5 business days. Please place a new order. However, we've noted down your comments and forwarded it the concerned team as feedback. -Sri",2021-04-07 04:24:21
243,AMZN,"@SMPANDE26966189 If you have not received any correspondence from our social media team yet, kindly resubmit your details through the secured link provided earlier, and we will get back with an update soon.

-Swapna",2021-04-07 02:34:32
244,AMZN,"@Kfarooqi Whereas cats are usually sneaky, these shoes might not be! 😹 This definitely put a smile on our face! Tell us, when you're not helping your kiddo squeak around the house, what hobbies do you enjoy? 😀",2021-04-07 00:58:48
245,AMZN,@LJDiMasi How adorable! 👶 📦 What's this cutie's name? Does this little sweetheart have a favorite show or activity already?,2021-04-06 23:00:42
246,AMZN,@jennmorales19 We think you're the best! Thanks for sharing the love! 💗,2021-04-06 22:50:49
247,AMZN,"@Blu_Rose85 Dental hygiene is abso-toothly important! 🦷 😉 Tooth be told, every time we open a fresh tube of toothpaste, we do a little happy dance! 😁 💃",2021-04-06 21:49:52
248,AMZN,"@OldTownBandito You're such a cute paw-kage, Bandito! 🐾 💗 📫 📨 When you aren't helping with the mail, what do you like to do for fun?",2021-04-06 21:13:29
249,AMZN,@realMarkDorsey You're most welcome! 🥰 We appreciate you and your kind words!,2021-04-06 20:09:39
