,Ticker,Tweets,Time
0,DIS,RT @NatGeo: Happy Earth Day! We want to know: What place on our planet inspires you most? Show us using #ShareYourSpot! https://t.co/3RDDNA…,2021-04-22 23:53:49
1,DIS,Discover a few new deep blue secrets this #EarthDay. All episodes of #SecretsOfTheWhales from @NatGeo are now streaming on @DisneyPlus. #DisneyPlus https://t.co/zGzQcsUC2k,2021-04-22 21:00:01
2,DIS,"Talk about a team up 💪 Stream the finale of @MarvelStudios' The Falcon and The Winter Soldier tomorrow on @DisneyPlus 💥 Poster art by Bella Grace, Salvador Anguiano, and Attila Szarka #FalconAndWinterSoldier (2/2) https://t.co/NFOrFiTj7v",2021-04-22 19:00:14
3,DIS,"Talk about a team up 💪 Stream the finale of @MarvelStudios' The Falcon and The Winter Soldier tomorrow on @DisneyPlus 💥 Poster art by Luke Butland, Doaly, and Tracie Ching #FalconAndWinterSoldier (1/2) https://t.co/y4yPXXajSr",2021-04-22 19:00:07
4,DIS,RT @DisneyD23: NEW: #TheFalconAndTheWinterSoldier director Kari Skogland breaks down all the new characters and crazy twists before the fin…,2021-04-22 17:47:08
5,DIS,https://t.co/aHQWYDgTUF,2021-04-22 16:00:07
6,DIS,Happy Earth Day! 🌏 Everyone has the power to make a difference. https://t.co/7uBkmTBeei,2021-04-22 16:00:03
7,DIS,"Ever wonder what 22 was up to before Joe Gardner came along? See 22 vs. Earth, an Original Short Film streaming April 30 on @DisneyPlus 🌎 https://t.co/s78hU1GHdV",2021-04-21 18:04:43
8,DIS,"Ride like the wind, Bullseye! 🎯 https://t.co/YuNI1FgOGP",2021-04-20 18:59:44
9,DIS,https://t.co/7MaZCp43ic,2021-04-20 17:00:09
10,DIS,"Everyone can benefit from a friendly, neighborhood Spider-Man. See more in Far From Home: Spider-Man Swings Through Europe from @DisneyBooks: https://t.co/nh5m71pvaB https://t.co/eolwQ0Xmw1",2021-04-20 17:00:03
11,DIS,"RT @DisneyD23: From environmentally themed episodes of your favorite series to shorts celebrating animals across the globe, here's every wa…",2021-04-19 20:46:39
12,DIS,High tide high five! 🌊 🖐 https://t.co/wMjDwKaCzH,2021-04-19 16:59:55
13,DIS,Check out the new teaser poster for @MarvelStudios' #ShangChi and the Legend of the Ten Rings that @SimuLiu just debuted! Experience it only in theaters September 3. https://t.co/ZZNndaozd4,2021-04-19 13:32:28
14,DIS,Watch the brand-new teaser trailer for @MarvelStudios’ #ShangChi and the Legend of the Ten Rings and experience it only in theaters September 3. https://t.co/HueGfcVDGN,2021-04-19 13:30:47
15,DIS,BB-8 is always a droid worth looking for! https://t.co/lFMBesUvHu,2021-04-18 15:59:55
16,DIS,Even Ursula appreciates a good haiku. https://t.co/IgoQTA7kDP,2021-04-17 16:39:07
17,DIS,"RT @disneyplus: Get ready to play ball. 🏀

Start streaming the new Original Series, #BigShot, now on #DisneyPlus. https://t.co/G4TM7BLG9i",2021-04-16 23:05:56
18,DIS,RT @DisneyParks: We’re excited to reveal a first look at the newest @Disneyland Resort attraction poster: Snow White’s Enchanted Wish! Chec…,2021-04-16 20:13:45
19,DIS,RT @MarvelStudios: Find out what happens next. 👀 Episode five of Marvel Studios' The Falcon and The Winter Soldier is now streaming on @Dis…,2021-04-16 15:36:34
20,DIS,Welcome back the Dora Milaje in this latest featurette for @MarvelStudios' The Falcon and The Winter Soldier. Episode five streaming tomorrow on @DisneyPlus. #FalconAndWinterSoldier https://t.co/4qq731DB0C,2021-04-15 22:00:02
21,DIS,Happy 5th anniversary to this wild crew! The live action reimagining of The Jungle Book was released on this day in 2016. https://t.co/0k5OIZ8il9,2021-04-15 18:59:49
22,DIS,RT @DisneyD23: NEW: #Station19 star Jason George talks spinning off from #GreysAnatomy and surprising Disney connections: https://t.co/AdAM…,2021-04-15 16:38:42
23,DIS,He’s one lucky duck! 💰 Can you spot all the classic DuckTales characters hiding in Scrooge’s money bin? https://t.co/IfGWTrC8Yf,2021-04-15 15:59:51
24,DIS,Learn more: https://t.co/0m16yXgxti,2021-04-14 20:34:22
25,DIS,"Sit back, relax, and watch as Kelly Marie Tran, Awkwafina, and the cast of Raya and the Last Dragon make magic. #DisneyRaya is now in theaters and on #DisneyPlus with Premier Access. https://t.co/YnflWOlcrt",2021-04-14 19:00:01
26,DIS,"“Dormammu, I’ve come to bargain.” –Doctor Strange (over and over and over again) https://t.co/e7bYWKiaan",2021-04-14 17:08:30
27,DIS,Experience bold new storytelling from six new filmmakers with Disney's @LaunchpadShorts. Six Original Short Films debut May 28 on @DisneyPlus. https://t.co/nbt4IsqQFw,2021-04-14 14:09:06
28,DIS,Discover the magic that connects us. Disney's @LaunchpadShorts debuts with six Original Short Films from unique perspectives May 28 on @DisneyPlus. https://t.co/FMcB1i3R5K,2021-04-14 14:00:00
29,DIS,A friend to all. ❤️ https://t.co/xbQ369KZ9k,2021-04-13 17:00:02
30,DIS,Ramadan Mubarak from The Proud Family and their friends The Zamins! https://t.co/q2sFmRjqj2,2021-04-12 20:00:01
31,DIS,Ayo is back in the latest episode of @MarvelStudios' The Falcon and The Winter Soldier! Stream episode four now on @DisneyPlus. #FalconAndWinterSoldier https://t.co/C06QgjS7BS,2021-04-12 18:00:01
32,DIS,Only two episodes left. https://t.co/KBapExrsvz,2021-04-12 16:00:01
33,DIS,https://t.co/ZqW4gSMBjJ,2021-04-11 16:03:46
34,DIS,https://t.co/0T5hHRrMKE,2021-04-11 16:03:21
35,DIS,https://t.co/0PH1QJ0k6B,2021-04-11 16:03:03
36,DIS,https://t.co/0hC8PdyOS1,2021-04-11 16:02:47
37,DIS,https://t.co/ufNiFOCea2,2021-04-11 16:02:29
38,DIS,https://t.co/L7VwGUweyL,2021-04-11 16:02:07
39,DIS,https://t.co/UBbAqHDRsP,2021-04-11 16:01:44
40,DIS,https://t.co/ONYMDCDJNz,2021-04-11 16:01:13
41,DIS,https://t.co/velB7qKKUy,2021-04-11 16:00:48
42,DIS,Some friends are unforgettable. 💙 https://t.co/r8n5kMpQwo,2021-04-11 16:00:26
43,DIS,https://t.co/xullKRtnMQ,2021-04-10 17:00:13
44,DIS,Family is forever. https://t.co/VLBHPtk9qB,2021-04-10 17:00:06
45,DIS,RT @DisneyD23: NEW: #HomeEconomics star @KarlaSouza7 on binging #DisneyPlus and going head-to-head with Zac Efron for Disney: https://t.co/…,2021-04-09 22:22:42
46,DIS,“The way to get started is to quit talking and begin doing.” –Walt Disney https://t.co/oQ1cE8RJF8,2021-04-09 18:00:06
47,DIS,"A new #IndianaJones adventure begins July 29, 2022. Phoebe Waller-Bridge joins the cast alongside Harrison Ford in the fifth installment of the iconic franchise. The inimitable John Williams will also return to score the film. https://t.co/Qh8nvFiQsE",2021-04-09 16:05:36
48,DIS,"RT @MarvelStudios: You don't want to miss episode four of Marvel Studios' The Falcon and The Winter Soldier, now streaming on @DisneyPlus.…",2021-04-09 15:18:54
49,DIS,"Here is your first look inside Avengers Campus at Disney California Adventure park, opening June 4 to California Residents at the @Disneyland Resort! More details on the @DisneyParks Blog: https://t.co/ffjUZvWteq #HeroesAssemble https://t.co/mjJAq1fVgq",2021-04-08 21:34:58
50,DIS,You deserve a round of applause — and @TheMuppets are here to give you one! 👏 https://t.co/WCty0N8j9z,2021-04-08 17:59:58
51,DIS,New semester. New competition. New drama. Start streaming Season 2 of High School Musical: The Musical: The Series May 14 on #DisneyPlus. #HSMTMTS https://t.co/yJdDIsUTxy,2021-04-08 16:05:00
52,DIS,High notes and high drama… they’re getting ready to school the competition. Start streaming Season 2 of High School Musical: The Musical: The Series May 14 on #DisneyPlus. #HSMTMTS https://t.co/lIOkLpBPe7,2021-04-08 16:00:45
53,DIS,"Happy anniversary to A Goofy Movie! 🎣 Though they didn’t always see 👁✌️👁, Goofy and Max’s vacation was unforgettable. https://t.co/pXV73T3Z9B",2021-04-07 16:00:12
54,DIS,Trouble is Coming. See #Cruella in theaters and on #DisneyPlus with Premier Access May 28th. Additional fee required. https://t.co/IsSkEsv8pJ,2021-04-07 12:44:48
55,DIS,"This May, the Devil Gets Her Due. See #Cruella in theaters and on #DisneyPlus with Premier Access May 28. Additional fee required. https://t.co/gQ60Ur63Pl",2021-04-07 12:24:40
56,DIS,"RT @ABCNetwork: “The time is right now, America, to take a long hard look at the #SoulOfANation - our nation.” Michael K. Williams (@BKBMG)…",2021-04-06 18:21:19
57,DIS,RT @Disneyland: Everything you need to know about the Disneyland Resort’s theme park reopening on April 30 to California Residents is on th…,2021-04-06 17:37:29
58,DIS,"Let’s get dangerous! The terror that flaps in the night, Darkwing Duck, debuted on this day 30 years ago. 📺 https://t.co/fythcYHjf9",2021-04-06 16:00:05
59,DIS,"RT @DisneyParks: This summer, join us in celebrating six years of the @runDisney Virtual Series, honoring the timeless majesty of “The Lion…",2021-04-05 22:43:37
60,DIS,Watch as the Millennium Falcon is recreated in VR in less than 12 parsecs! 💫 (VR Artist: The Sabby Life) https://t.co/ISdV8VgqDO,2021-04-05 19:00:00
61,DIS,Sebastian is one quotable crustacean! 🦀 https://t.co/PqJXyrptsU,2021-04-05 17:59:57
62,DIS,"""It's up to us to restore peace."" Raya and the Last Dragon is now available on Digital with never-before-seen bonus footage. Get it today: https://t.co/HNulgwKknY https://t.co/3bolTGRUX2",2021-04-05 17:00:01
63,DIS,"Loki’s time has come. ⌛ Watch the brand-new trailer for #LOKI, and start streaming the @MarvelStudios Original Series June 11 on @DisneyPlus. https://t.co/MpeZJBRK7A",2021-04-05 13:00:02
64,DIS,Bon appétit! Chef Remy is serving up Easter Eggs. 🐀 🍽 https://t.co/UGOE5i7Uus,2021-04-04 19:00:00
65,DIS,https://t.co/UJ5yewLFAU,2021-04-04 17:00:18
66,DIS,https://t.co/ht3vi5t6RX,2021-04-04 17:00:12
67,DIS,The hunt for the cutest Easter eggs is over! 😍 https://t.co/teeht3MMr3,2021-04-04 17:00:08
68,DIS,"Hoppy Easter, everybunny! 🐰 https://t.co/uq4CLYQ6Dc",2021-04-04 15:59:57
69,DIS,This craft is all it's cracked up to be! Find out how to add a little ✨ magic ✨  to your Easter Eggs: https://t.co/EJmJAASPNl https://t.co/NY87MAkovY,2021-04-03 19:00:02
70,DIS,"See @DisneyAnimation's new animated short, “Us Again” when you get Raya and the Last Dragon, now available on Digital: https://t.co/HNulgx1VMy https://t.co/7GbgkWfqoF",2021-04-03 17:00:00
71,DIS,"""We have unfinished business."" See @MarvelStudios’ #BlackWidow in theaters or on @DisneyPlus with Premier Access on July 9. Additional fee required. https://t.co/0avZ5T23Ah",2021-04-03 16:20:38
72,DIS,"Surfing the E.A.C. with Crush is totally righteous, dude! https://t.co/MKVPH4vptj",2021-04-02 17:00:03
73,DIS,"These friends are sure to bring a smackerel of honey with them wherever they go! ✨ 🍯 #DisneynuiMOs Winnie the Pooh and Friends arrive on Monday at @shopDisney, Disney store and select Disney Parks worldwide! https://t.co/pc9Nwspxjp",2021-04-02 14:00:01
74,DIS,It's time for a change in scenery 🏙️ Episode three of @MarvelStudios' The Falcon and The Winter Soldier is now streaming on @DisneyPlus. #FalconAndWinterSoldier https://t.co/NM0sLP5pbK,2021-04-02 13:00:02
75,DIS,RT @DisneyD23: NEW: Retiring Disney Imagineer Kevin Rafferty on his epic career spanning from Figment to Cars Land: https://t.co/VBROuXHbdh…,2021-04-01 17:44:32
76,DIS,"April Fools! Gawrsh, Donald and Goofy sure found a silly way to celebrate. https://t.co/bE2jKPqBel",2021-04-01 16:00:01
77,DIS,RT @DisneyParks: Who’s Hungry? The EPCOT International Food &amp; Wine Festival will begin July 15 at Walt Disney World Resort! 🍽🍷 https://t.co…,2021-03-31 21:49:13
78,DIS,"Go, live your dream. ☀️ https://t.co/nAmLWX5S13",2021-03-31 16:00:04
79,DIS,"RT @DisneyD23: Get the inside scoop on all the latest Disney news and hear from the people who are making it happen, both in front of the c…",2021-03-30 20:37:11
80,DIS,"RT @WaltDisneyCo: The Walt Disney Company and @UNCF have announced the 2021 Disney UNCF Corporate Scholars Program, supported by a new $1 m…",2021-03-30 17:34:19
81,DIS,The filmmakers of Raya and the Last Dragon share the untold story of what it took to bring Kumandra to life – from home! See #DisneyRaya in theaters now or order it on @DisneyPlus with Premier Access. https://t.co/YrSLmYwmi3,2021-03-30 17:00:00
82,DIS,"Hunter ✔️ Echo ✔️ Tech ✔️ Wrecker ✔️ Crosshair ✔️
Star Wars: @TheBadBatch, an Original Series, arrives May the 4th on @DisneyPlus. #TheBadBatch https://t.co/k66qPOXdPJ",2021-03-30 14:00:38
83,DIS,"RT @DisneyMusic: Let the magic play! ✨🎶 

The Disney Hits Channel on @SIRIUSXM is here! Tune-in to Channel 302 or listen here to hear all y…",2021-03-29 20:11:24
84,DIS,RT @WaltDisneyCo: Congratulations to Disney’s NAACP Image Awards Winners. Titles from across The Walt Disney Company combined for 17 awards…,2021-03-29 20:04:23
85,DIS,"#WomensHistoryMonth celebrations soar higher, further, faster with the women of @MarvelStudios. https://t.co/ZNP3MogJML",2021-03-29 17:00:03
86,DIS,"RT @starwars: Production begins soon on Obi-Wan Kenobi, a special event series coming to #DisneyPlus. https://t.co/9z49eW9Vgx",2021-03-29 14:01:23
87,DIS,"""Everybody in the world expects me to be something and I don't want to fail them."" Meet John Walker in the latest episode of Marvel Studios' The Falcon and The Winter Soldier, now streaming on @DisneyPlus. #FalconAndWinterSoldier https://t.co/fsyGd53PQJ",2021-03-28 17:00:04
88,DIS,Say cheese! Who’s your favorite Disney mouse? 🐭 https://t.co/akBKZiLfDi,2021-03-28 17:00:01
89,DIS,Springtime calls for bouncing all the time! https://t.co/HrnjAvwcw6,2021-03-28 16:00:05
90,DIS,"RT @DisneyD23: NEW: @dannypudi on the future of DuckTales, the hardest secret to keep, and being traumatized by a squirrel: https://t.co/OA…",2021-03-28 02:23:48
91,DIS,"Here’s to a swinging spring! See more Disney NuiMOs at @shopDisney, Disney stores, and select Disney Parks around the world. https://t.co/5V793KX86h",2021-03-27 21:59:50
92,DIS,Relax and recharge with Minnie as she shares her self-care routine in this episode of #PositivelyMinnie! https://t.co/WAbklXiH9W,2021-03-27 19:00:00
93,DIS,"Meet the new generation of game changers. Start streaming the brand-new Original Series, #TheMightyDucksGameChangers, now on #DisneyPlus. https://t.co/jLZo5JqcnS",2021-03-27 18:00:00
94,DIS,And here’s Tuk Tuk in his final film design! Raya and the Last Dragon is now in theaters and on #DisneyPlus with Premier Access. #DisneyRaya https://t.co/SmBBEL4dFL,2021-03-27 17:00:11
95,DIS,Tuk Tuk is a loyal sidekick for the ages! See how he evolved in this concept art from Raya and the Last Dragon. https://t.co/OsiHGJaVFN,2021-03-27 17:00:09
96,DIS,Together again 💥 Episode two of @MarvelStudios' The Falcon and The Winter Soldier is now streaming on @DisneyPlus. #FalconAndWinterSoldier https://t.co/cUaWd53QzS,2021-03-27 16:00:01
97,DIS,Together again 💥 Episode two of @MarvelStudios' The Falcon and The Winter Soldier is now streaming on @DisneyPlus. #FalconAndWinterSoldier https://t.co/LVzBW0KkIC,2021-03-26 13:00:02
98,DIS,Feel the music! Experience the #VirtualJazzConcert presented by #PixarSoul now on Digital &amp; Blu-ray. Featuring exclusive performances by Jon Batiste and the best HBCU bands in the nation. See the full concert now at https://t.co/ewOaZh3W4Y https://t.co/Maz6GuTZbh,2021-03-26 00:35:00
99,DIS,Go beyond the legacy of the shield and check out this brand-new featurette from Marvel Studios' The Falcon and the Winter Soldier ⭐ Episode one now streaming on @DisneyPlus. #FalconAndWinterSoldier https://t.co/0ZqNM0dfLG,2021-03-25 23:00:01
100,DIS,Kelly Marie Tran and Director Carlos López Estrada surprised guests at the El Capitan Theatre for the #DisneyRaya opening event in Hollywood! https://t.co/NcMC3sZMA2,2021-03-25 18:59:56
101,DIS,You ain’t never had a mentor like them! https://t.co/Z5F1jZoCsl,2021-03-25 15:59:53
102,DIS,"In honor of Deaf History Month, learn to sign “Hello!” in American Sign Language with the handy help of Mickey. https://t.co/xKaI8WD2t6",2021-03-24 19:00:11
103,DIS,https://t.co/d8GUwG0Pb9,2021-03-24 17:00:13
104,DIS,"A Wanda-ful Vision of growth! 

@MarvelStudios’ #WandaVision, Avengers: Age of Ultron, Captain Marvel, Ant-Man and The Wasp, and Thor are streaming on #DisneyPlus. https://t.co/9dd7jj5ipz",2021-03-24 17:00:06
105,DIS,A new season calls for new looks! 🌻 https://t.co/XDMEFvD49e,2021-03-24 16:00:11
106,DIS,"Together they’ll conquer the court. #BigShot, an Original Series, is streaming April 16 on #DisneyPlus. https://t.co/sLK7ryKfsP",2021-03-24 14:05:00
107,DIS,Black Widow in theaters July 9 and on @DisneyPlus with Premier Access. Additional fees required. https://t.co/b8vTkiqS9Y,2021-03-23 20:01:04
108,DIS,"Enjoy every minute of it! Add #PixarSoul to your Disney and Pixar collection on Digital, Blu-ray, and 4K Ultra HD today with exclusive deleted scenes. https://t.co/fRTOpLdVHK https://t.co/UIlYsVAuxU",2021-03-23 16:00:01
109,DIS,"""Pass on what you have learned. Strength. Mastery. But weakness, folly, failure also. Yes, failure most of all. The greatest teacher, failure is."" –Yoda https://t.co/hiOqHqnVLI",2021-03-22 16:59:56
110,DIS,BEST. DONUTS. EVER! 🍩✨ Learn how to make these Rapunzel inspired donuts: https://t.co/d8taW1sSWL https://t.co/VCrcWLqatw,2021-03-21 19:00:01
111,DIS,Have you have streamed the first episode of @MarvelStudios' The Falcon and The Winter Soldier on @DisneyPlus? #FalconAndWinterSoldier https://t.co/yHLdmGA08k,2021-03-21 18:00:00
112,DIS,"Magic Mirror on the wall, who’s the fairest of them all, even in virtual reality? 👑  (VR Art by The Sabby Life) https://t.co/aKnnYA5Ugc",2021-03-21 16:00:01
113,DIS,Marvel Studios' The Falcon and The Winter Soldier has arrived ⭐ Experience the first episode now on @DisneyPlus. #FalconAndWinterSoldier https://t.co/G8VLy2PBi4,2021-03-20 17:00:01
114,DIS,Seasonal sweetness. Wishing you a splendid first day of Spring! https://t.co/ks0sWWBOdB,2021-03-20 16:00:04
115,DIS,The best toys anyone could ever ask for. ❤️ https://t.co/5ENfauXyjP,2021-03-19 17:00:01
116,DIS,Get ready 💥 The series premiere of Marvel Studios' The Falcon and The Winter Soldier just landed on @DisneyPlus. #FalconAndWinterSoldier https://t.co/9bk28Sw2TV,2021-03-19 16:00:01
117,DIS,"Under the sea or up on the land, love like this sure is grand! 💕 🌊 https://t.co/fJldJWpiki",2021-03-18 18:59:55
118,DIS,"RT @DisneyD23: NEW: #TheFalconAndTheWinterSoldier star @AnthonyMackie talks Candlelight at EPCOT, the biggest Marvel secret he had to keep,…",2021-03-18 18:31:40
119,DIS,https://t.co/1l0sT1AOZE,2021-03-18 17:30:08
120,DIS,https://t.co/jw90Nkei1n,2021-03-18 17:30:04
121,DIS,Things are about to get (scary) funny. Meet the cast of #MonstersAtWork! Start streaming the Original Series July 2 on #DisneyPlus. https://t.co/regDhVQ5aY,2021-03-18 17:30:02
122,DIS,Start your countdown to the glorious arrival of @MarvelStudios' #Loki. The Original Series starts streaming June 11 on @DisneyPlus. https://t.co/cqA8nUqzLK,2021-03-18 16:26:18
123,DIS,"RT @falconandwinter: The cast of Marvel Studios' The Falcon and The Winter Soldier has arrived ⭐

Tune in right here for the Virtual Launch…",2021-03-18 15:59:15
124,DIS,"Just announced: @Disneyland park and Disney California Adventure park are planning to officially reopen to the public on April 30, with limited capacity. More details on the @DisneyParks Blog: https://t.co/8RAVeiLFLY https://t.co/Tz0Br68Uju",2021-03-17 16:23:12
125,DIS,"RT @Marvel: Tune in here this Thursday at 9AM PDT/12PM EST for a Virtual Launch Event featuring the cast of Marvel Studios' ""The Falcon and…",2021-03-16 22:18:50
126,DIS,Seize your moment! https://t.co/0UxVq5Vcnh,2021-03-16 16:00:08
127,DIS,Check out the latest images from #Cruella! https://t.co/zIYbLJMZsW,2021-03-15 19:00:11
128,DIS,"Celebrate #WomensHistoryMonth with the brave, strong, and incredible women of @DisneyAnimation! https://t.co/Cbmh9q5gAD",2021-03-15 17:00:01
129,DIS,"Congratulations to Coya Elliott, Ren Klyce and David Parker for their #Oscars nomination for Best Sound for #PixarSoul! https://t.co/PPl5IXvgfR",2021-03-15 16:40:00
130,DIS,☆ More than a symbol ☆ Watch the final trailer for Marvel Studios’ The Falcon and The Winter Soldier and start streaming the Six-Episode Event this Friday on @DisneyPlus. #FalconAndWinterSoldier https://t.co/8yFYp5aJMq,2021-03-15 14:00:01
131,DIS,"Congratulations to #PixarSoul’s Trent Reznor, Atticus Ross and Jon Batiste for their #Oscars nomination for Best Original Score! https://t.co/rZQPP7V3Ta",2021-03-15 13:12:01
132,DIS,Congratulations to the entire cast and crew of #PixarSoul on their #Oscars nomination for Best Animated Feature! https://t.co/FyM5ZJInqW,2021-03-15 13:11:43
133,DIS,Congratulations to the cast and crew of #PixarOnward for its #Oscars nomination for Best Animated Feature! https://t.co/b7loqfIEr2,2021-03-15 12:54:50
134,DIS,"Congratulations to Nick Davis, Greg Fisher, Ben Jones, and Santiago Colomo Martinez on their Best Visual Effects #Oscars nomination for their work on The One and Only Ivan! https://t.co/Aa3FFEaoYA",2021-03-15 12:43:14
135,DIS,"Congratulations to Sean Faden, Anders Langlands, Seth Maury, and Steve Ingram on their Best Visual Effects #Oscars nomination for their work on Mulan! https://t.co/e8Uz2CtPcF",2021-03-15 12:41:23
136,DIS,Congratulations to Bina Daigeler for her Best Costume Design #Oscars nomination for her work on Mulan! https://t.co/fIXNGGGjom,2021-03-15 12:25:20
137,DIS,"This May, meet the Queen of Mean #Cruella 💋🖤 https://t.co/PWfKqr2SLo",2021-03-15 01:59:48
138,DIS,Welcome Kelly Marie Tran to the Disney Animation family ❤️ Disney’s first Southeast Asian princess. See #DisneyRaya in theaters or order it on Disney+ with Premier Access now. Learn more: https://t.co/YAthyIUK6D https://t.co/jKcbau2ljh,2021-03-14 18:00:00
139,DIS,Not ready to give up an hour of sleep for Daylight Savings Time? You’re not alone. 💤 https://t.co/kjCy3NiWPc,2021-03-14 17:00:01
140,DIS,Watch a brand-new official clip from Marvel Studios’ The Falcon and The Winter Soldier. Start streaming in five days on @DisneyPlus. #FalconAndWinterSoldier https://t.co/K280OLx8QG,2021-03-14 16:00:00
141,DIS,RT @DisneyRaya: Welcome to Kumandra. Hit play on @DisneyPlus and join in on the #RayaWatchParty!,2021-03-13 23:01:45
142,DIS,"Woo-oo! It's time for one last adventure with Scrooge McDuck and his fine feathered family! 🦆 Don't miss the epic, 90-minute series finale of #DuckTales Monday at 7pm on @DisneyXD! https://t.co/9O4ekC16b4",2021-03-13 20:00:00
143,DIS,A match made in space! 🌠 https://t.co/EuLfYxmFXf,2021-03-13 18:00:01
144,DIS,"This Deaf History Month, remember that one magical moment can make all the difference. Previously filmed at @WaltDisneyWorld. https://t.co/qwjNlCFckA",2021-03-13 18:00:01
145,DIS,"Our two favorite co-workers, Anthony Mackie and Sebastian Stan, are back to give you a behind-the-scenes look at Marvel Studios' The Falcon and the Winter Soldier ⭐ Start streaming March 19 on @DisneyPlus. #FalconAndWinterSolider https://t.co/3yRKh5ue3J",2021-03-13 01:00:00
146,DIS,No pixie dust needed here! ✨ Learn how to draw Tinker Bell. https://t.co/EFWxAGG1xw,2021-03-12 18:00:15
147,DIS,"Go behind the magic of Marvel Studios' #WandaVision 🎥 Marvel Studios Assembled: The Making of WandaVision, an Original Special, is now streaming on @DisneyPlus. https://t.co/7wVCUv5Qar",2021-03-12 14:00:00
148,DIS,"RT @DisneyD23: NEW: A Walt Disney World insider discusses new details on the 50th, the Flower &amp; Garden Festival, Ratatouille, and more: htt…",2021-03-11 18:32:13
149,DIS,"Find out how Angela Bassett, the voice of Dorothea Williams in #PixarSoul, found her ✨spark✨ https://t.co/eSYX2EXMxo",2021-03-11 18:00:00
150,DIS,"A willy, nilly, silly walk down memory lane. 🍯 Happy anniversary to The Many Adventures of Winnie the Pooh. https://t.co/95gpyKQOeg",2021-03-11 17:00:02
151,DIS,Welcome to a world of cuteness! 😍 The new Disney x Jerrod Maruyama collection is available now at @DisneyParks and on @shopDisney. Discover more magic: https://t.co/95KnmDFL3z https://t.co/DgZYlNtqBi,2021-03-10 21:00:14
152,DIS,"Remy’s Ratatouille Adventure will open at EPCOT on October 1, 2021 to help kick off the opening season of the @WaltDisneyWorld Resort 50th Anniversary celebration. Get more details on the @DisneyParks Blog: https://t.co/YwYpf2zmck #DisneyWorld50 https://t.co/0uXS2BwyGp",2021-03-10 19:00:01
153,DIS,This Pocahontas painting uses all the colors of the wind. 🍃 🍂 https://t.co/nOd9yz8gFt,2021-03-10 17:29:49
154,DIS,“I love the nostalgic myself. I hope we never lose some of the things of the past.” – Walt Disney https://t.co/fjkeWsbs6E,2021-03-09 18:00:10
155,DIS,"This Earth Day, take a deep dive with #SecretsOfTheWhales, an Original Series from @NatGeo, executive producer James Cameron, and narrated by Sigourney Weaver. Streaming April 22 on @DisneyPlus. #DisneyPlus https://t.co/pgDiqwsxUI",2021-03-09 17:00:01
156,DIS,"Hear what International Women’s Day means to Adele Lim, the screenwriter of Raya and the Last Dragon. #DisneyRaya is now in theaters and on #DisneyPlus with Premier Access. https://t.co/9wWy1KdlZk",2021-03-08 21:00:00
157,DIS,Make International Women’s Day super with the incredible women of @Pixar! 💪 #WomensHistoryMonth https://t.co/e9ynT7W2rn,2021-03-08 18:00:00
158,DIS,Never stop fighting 💥 Marvel Studios' The Falcon and the Winter Soldier starts streaming March 19 on @DisneyPlus. #FalconAndWinterSoldier https://t.co/eTbCxma08d,2021-03-08 15:00:05
159,DIS,Restore peace. Find the last dragon. Check out this poster inspired by the movie and see Raya and the Last Dragon in theaters or order it on @DisneyPlus with Premier Access now! Learn more: https://t.co/7XotDpupjw #DisneyRaya https://t.co/OHr9J2N1Nh,2021-03-07 20:00:01
160,DIS,"“Tra-la-la-la-la! Spring is in the air, and I am a flower –– with nothing interesting to say.” https://t.co/sKFjyzwrMF",2021-03-07 18:00:01
161,DIS,"RT @DisneyRaya: Tune in tomorrow at 10AM PT/1PM ET for an exclusive discussion hosted by @Kulap, with Kelly Marie Tran and the filmmaking t…",2021-03-07 17:00:25
162,DIS,Go behind the scenes of Raya and the Last Dragon! Experience the movie event in theaters or order it on @DisneyPlus with Premier Access now! Learn more: https://t.co/0m16yWYW4I #DisneyRaya https://t.co/kDyWI6fvKe,2021-03-06 19:00:00
163,DIS,"With pals like these, you'll always have something to laugh about! https://t.co/Y5DqLmQ8IU",2021-03-06 17:00:02
164,DIS,"Uniting the Kingdom of Kumandra, one billboard at a time: the voice of Raya, Kelly Marie Tran! See Raya and the Last Dragon in theaters or order it on @DisneyPlus with Premier Access now! Learn more: https://t.co/0m16yXgxti #DisneyRaya https://t.co/pub9J9LU8T",2021-03-05 23:52:31
165,DIS,Find out more: https://t.co/wWsPKLtSVr,2021-03-05 18:42:27
166,DIS,"Spring has sprung at @WaltDisneyWorld Resort! From now through July 5, you can awaken your senses with Outdoor Kitchens, lively entertainment, and more, all at the Taste of EPCOT International Flower &amp; Garden Festival. #FreshEPCOT https://t.co/zBeCITAF8Q",2021-03-05 18:00:17
167,DIS,RT @DisneyRaya: Here’s a sneak peek at the brand-new music video for “Lead the Way” by Jhené Aiko from the #DisneyRaya soundtrack. Watch th…,2021-03-05 17:51:22
168,DIS,"The moment has arrived 📺 Tune into the finale and watch all episodes of @MarvelStudios' #WandaVision, now streaming on @DisneyPlus. #WandaVisionFinale https://t.co/PaQD7Zmh9X",2021-03-05 17:00:00
169,DIS,Raya has arrived. See Raya and the Last Dragon in theaters or order it on @DisneyPlus with Premier Access NOW. Learn more: https://t.co/YAthyID9f5 #DisneyRaya https://t.co/uI68LG700U,2021-03-05 16:30:00
170,DIS,Two weeks until two heroes return. @MarvelStudios' The Falcon and the Winter Soldier starts streaming March 19 on @DisneyPlus. #FalconAndWinterSoldier https://t.co/grQ5ZQzWPP,2021-03-05 16:00:00
171,DIS,"RT @DisneyRaya: Welcome to Kumandra: Watch the virtual red carpet event of #DisneyRaya, presented by @People, with the cast, filmmakers, an…",2021-03-04 23:01:19
172,DIS,There’s nut-thing they can’t do! Chip ‘N Dale Rescue Rangers debuted on this day in 1989. https://t.co/z9RJm5egEE,2021-03-04 20:00:02
173,DIS,"RT @DisneyD23: NEW: #RayaAndTheLastDragon star Kelly Marie Tran talks recording in a “blanket fort,” feeling the Force, why corn dogs are t…",2021-03-04 19:29:08
174,DIS,"Get ready to roll with #Raya, #Sisu, and #TukTuk in this brand-new clip from Raya and the Last Dragon. See the movie in theaters or order it on @DisneyPlus with Premier Access tomorrow! Learn more: https://t.co/0m16yXgxti #DisneyRaya https://t.co/o2o07LDs3w",2021-03-04 19:02:19
175,DIS,"Smile and say, ""Carrots!"" 📸  Happy 5th anniversary to Zootopia. https://t.co/859RYXPWUY",2021-03-04 18:00:02
176,DIS,RT @DisneyRaya: It’s almost time. ✨ See Raya and the Last Dragon in theaters or order it on @DisneyPlus with Premier Access TOMORROW! Learn…,2021-03-04 17:10:58
177,DIS,Who’s hungry? 🥘 See Raya and the Last Dragon in theaters or order it on @disneyplus with Premier Access this Friday! Learn more: https://t.co/AnsSuEGS7m #DisneyRaya https://t.co/5q4rNnsRkx,2021-03-04 02:01:38
178,DIS,"RT @DisneyMusic: Find your inner warrior. The soundtrack to Raya and the Last Dragon is out today: https://t.co/eZnE2TWYma

See #DisneyRaya…",2021-03-03 21:45:07
179,DIS,The cast and crew of #FloraAndUlysses are nuts about squirrels! 🐿 The film is now streaming on #DisneyPlus. https://t.co/1bUHjN6YOY,2021-03-03 20:00:01
180,DIS,"“Food is the one thing that can bring everyone together.” Watch Kelly Marie Tran, voice of Raya, talk about favorite food memories. See Raya and the Last Dragon in theaters or order it on @DisneyPlus with Premier Access this Friday! Learn more: https://t.co/0m16yXgxti #DisneyRaya https://t.co/rTyv5aEfKj",2021-03-03 18:31:12
181,DIS,A hero! 💪 https://t.co/6t3Hg4caUi,2021-03-03 17:29:57
182,DIS,"RT @ABCNetwork: .@ABC News presents: @SoulOfANation

This groundbreaking 6-episode series premieres TONIGHT at 10|9c. #SoulOfANation will b…",2021-03-03 02:02:33
183,DIS,RT @DisneyParks: Our Foodie Guide to #ATouchofDisney at #DisneyCaliforniaAdventure park is here! 🍽  From new items to favorite classic dish…,2021-03-03 01:01:44
184,DIS,Introducing… #TukTuk! Meet the newest adorable sidekick in Raya and the Last Dragon. See the movie in theaters or order it on Disney+ with Premier Access this Friday! Learn more: https://t.co/0m16yXgxti #DisneyRaya https://t.co/ZWrrtBm8Ff,2021-03-03 00:30:00
185,DIS,Peek-a-BB-8! https://t.co/SVpir9UiDq,2021-03-02 18:00:13
186,DIS,It’s easy bein’ green when everything is in bloom! 💐 https://t.co/V7byDVrSKs,2021-03-02 00:00:01
187,DIS,Congratulations to all of Disney’s 2021 Golden Globe winners! Full list: https://t.co/x9ugaljAZO https://t.co/orvkTC04Xn,2021-03-01 23:30:01
188,DIS,Playtime is a ball! 🎾 Toy Story 3 concept art by Dice Tsutsumi. https://t.co/gN50BxFAwM,2021-03-01 20:29:44
189,DIS,And the #GoldenGlobes go to... #PixarSoul for Best Animated Feature and Best Original Score! Congratulations to all the winners! https://t.co/jYdyVNaKqJ,2021-03-01 03:56:15
190,DIS,"The only way to leave is by making a grand exit, like Ulysses. 🐿 ⚡ 💥 Watch #FloraAndUlysses, now streaming on #DisneyPlus https://t.co/vRNfLcCscl",2021-02-28 18:00:02
191,DIS,The cutest little bounty in the entire galaxy. Stream The Mandalorian on #DisneyPlus. https://t.co/XwX0xhoFBp,2021-02-28 17:00:06
192,DIS,See if your art skills are all they’re quacked up to be by learning to draw the one and only Donald Duck! https://t.co/FJyql2kgtF,2021-02-27 18:00:03
193,DIS,Are you ready? See Raya and the Last Dragon in theaters or order it on @DisneyPlus with Premier Access March 5. Learn more: https://t.co/0m16yWYW4I https://t.co/PhzN34IeI1,2021-02-27 17:00:02
194,DIS,"A new journey into the Enchanted Forest awaits. Myth: A Frozen Tale, a short film, is now streaming on #DisneyPlus. https://t.co/8gnffXyVvO",2021-02-26 20:00:00
195,DIS,Time spent together is time well spent. Enjoy more art from @DisneyBooks’ “Miguel and the Grand Harmony.” Art by @Pixar Development &amp; Story Artist Ana Ramírez González. https://t.co/iDBdr10Txm,2021-02-26 18:59:58
196,DIS,It’s the little moments that make life enchanted. https://t.co/UdMwpfXVrR,2021-02-26 17:59:49
197,DIS,"RT @DisneyRaya: It’s almost time. Experience Raya and the Last Dragon, in theaters or order it on @DisneyPlus with Premier Access in just 1…",2021-02-26 17:07:11
198,DIS,RT @wandavision: Only two episodes left 💥 The eighth episode of Marvel Studios' #WandaVision is now streaming on @DisneyPlus. https://t.co/…,2021-02-26 16:40:56
199,DIS,"""Thank you for seeing the depth of culture, history, artistry, and welcoming my vision of Afrofuture into the lexicon of American filmmaking."" –Ruth E. Carter, Black Panther Costume Designer https://t.co/tLK0h3eKRd",2021-02-26 02:06:42
200,DIS,RT @DisneyD23: .@GMA's Tony Morrison joins #D23InsideDisney hosts Jeffrey and Sheri every week to share the latest Disney news and how the…,2021-02-25 21:40:23
201,DIS,"Yes, Dory is a natural blue – and always has been! 💙 Finding Dory concept art by Jason Deamer. https://t.co/r3NZToMiwE",2021-02-25 17:00:05
202,DIS,Pixar invites you to experience a summer like never before. 🌊 Luca arrives June 2021. #PixarLuca https://t.co/8Bc6n8NgOm,2021-02-25 14:00:02
203,DIS,"RT @DisneyParks: Exciting news! Experience some of the sights, sounds and flavors of the @Disneyland Resort with A Touch of Disney, a new,…",2021-02-25 00:00:40
204,DIS,"Go nuts! #ChipNDaleParkLife, an Original Series, starts streaming July 23 on #DisneyPlus. https://t.co/fmfbpZA5pl",2021-02-24 20:02:47
205,DIS,"The best partners come in all shapes, sizes, and slobber. Turner &amp; Hooch, an Original Series, starts streaming July 16 on #DisneyPlus. #TurnerAndHoochSeries https://t.co/Qpht287IWa",2021-02-24 20:02:17
206,DIS,"It’ll take some monster-sized laughs to generate Monstropolis’ power. #MonstersAtWork, an Original Series, starts streaming July 2 on #DisneyPlus. https://t.co/3p5adWlfUh",2021-02-24 20:02:01
207,DIS,"One mission will hold the answer to the world’s greatest riddle. The #MysteriousBenedictSociety, an Original Series, starts streaming June 25 on #DisneyPlus. https://t.co/uysNEJoc5T",2021-02-24 20:02:00
208,DIS,"Zen Mode: On. Season 2 of #Zenimation, an Original Series, starts streaming June 11 on #DisneyPlus. https://t.co/mFHEU78N7D",2021-02-24 20:01:16
209,DIS,#HSMTMTS Season 2. Streaming May 14 on #DisneyPlus. https://t.co/riravYsPYg,2021-02-24 20:00:43
210,DIS,"Star Wars: The Bad Batch, an Original Series, starts streaming May the 4th on #DisneyPlus. https://t.co/YainDPS7J3",2021-02-24 20:00:08
211,DIS,Save the dates! 🗓 Here’s when you can expect some upcoming #DisneyPlus Original Series to start streaming!,2021-02-24 20:00:03
212,DIS,"Game on. #TheMightyDucksGameChangers, an Original Series, starts streaming March 26 on #DisneyPlus. https://t.co/QjVYiHeys2",2021-02-24 19:35:00
213,DIS,"It’s time to welcome a new generation of game changers. Start streaming #TheMightyDucksGameChangers, an Original Series, March 26 on #DisneyPlus. https://t.co/JhJkWKPVYK",2021-02-24 19:30:01
214,DIS,#HSMTMTS Season 2. Streaming May 14 on #DisneyPlus. https://t.co/iWDM6Q0hsb,2021-02-24 18:29:36
215,DIS,"This is a shot he can’t afford to miss. #BigShot, an Original Series starring @JohnStamos, starts streaming April 16 on #DisneyPlus. https://t.co/pKeg7eLxt4",2021-02-24 18:00:03
216,DIS,"Loki, an Original Series from @MarvelStudios, starts streaming June 11 on #DisneyPlus. https://t.co/ffLS37RNiw",2021-02-24 17:30:00
217,DIS,Pixar’s newest adventure makes a splash this summer. Meet Luca tomorrow in the brand-new trailer. #PixarLuca https://t.co/rd0ioALgTt,2021-02-24 14:10:02
218,DIS,"“The world as a whole is rich with diversity and cultures. I feel film, media, and entertainment should reflect the same.” – Dennis Brown, artist of this Frozone illustration for #BlackHistoryMonth | #BlackHistoryAlways https://t.co/UrigaSQBxT",2021-02-23 20:37:01
219,DIS,"Celebrate the joys of life and add some Soul to your collection. Pre-order #PixarSoul on Digital, Blu-ray &amp; 4K UHD with exclusive deleted scenes and bonus content: https://t.co/fRTOpLdVHK https://t.co/BaukVuGDK3",2021-02-23 19:00:22
220,DIS,It was her all along 🐇 The seventh episode of @MarvelStudios' #WandaVision is now streaming on @DisneyPlus. https://t.co/CPSgxeFJFQ,2021-02-23 00:00:00
221,DIS,This reflection of Mulan from @DisneyAnimation concept art to final frame makes for a perfect pair. 🌸 https://t.co/SYN3SOglXK,2021-02-22 20:59:43
222,DIS,Friendship like this is as sweet as hunny. https://t.co/piLKp1V7m7,2021-02-21 18:59:57
223,DIS,It's time to meet @TheMuppets – all over again! All five seasons of their classic series #TheMuppetShow are now streaming on @DisneyPlus. https://t.co/A2w1LQ16eD,2021-02-21 17:00:03
224,DIS,https://t.co/yUG9Aokkqk,2021-02-20 20:00:09
225,DIS,Things are getting pretty weird now that @TheMuppets have invaded @DisneyPlus! All five seasons of #TheMuppetShow are now streaming – but these shows aren't. https://t.co/bzkggG515W,2021-02-20 20:00:05
226,DIS,Family always helps you stay in your groove. https://t.co/Sh5IrGfnya,2021-02-20 19:00:01
227,DIS,https://t.co/CR4JnbzygV,2021-02-20 18:00:10
228,DIS,"Nuts about these dynamic duos! Don't miss the latest precocious pair, #FloraAndUlysses, now streaming only on #DisneyPlus. 🐿 https://t.co/KKECGExFBf",2021-02-20 18:00:07
229,DIS,"Join filmmakers Pete Docter, Kemp Powers, and Dana Murray as they discuss their sparks that inspired the making of #PixarSoul. Stream the film on #DisneyPlus. https://t.co/k4l3xowG5J",2021-02-20 18:00:01
230,DIS,🎵 Check out this new look at Raya and the Last Dragon featuring the brand-new song “Lead the Way” by Jhené Aiko 🎵 Experience the movie event in theaters or order it on @DisneyPlus with Premier Access March 5. Learn more: https://t.co/0m16yWYW4I https://t.co/F4rhgdPjN7,2021-02-19 21:00:01
231,DIS,"He's not just a squirrel, Ulysses has superpowers. Watch #FloraAndUlysses now streaming on #DisneyPlus 🐿 ⚡ 💥 https://t.co/TqLittC6vJ",2021-02-19 20:00:00
232,DIS,Where do we start? 💥 Start streaming @MarvelStudios' The Falcon and the Winter Soldier on @DisneyPlus in one month. #FalconAndWinterSoldier https://t.co/yAl93QIBAE,2021-02-19 19:00:00
233,DIS,"It’s time to get things started on #TheMuppetShow! Get ready for music, mayhem, magic, and lots and lots of Muppets. Stream all five seasons only on @DisneyPlus. https://t.co/ReMhqYh6Ls",2021-02-19 18:00:01
234,DIS,RT @wandavision: Are you ready? The seventh episode of Marvel Studios' #WandaVision is now streaming on @DisneyPlus. https://t.co/HuOAR26Ppr,2021-02-19 17:32:04
235,DIS,"“It makes me feel welcome and good when I see characters that look like me. It took me a long time to draw my own Black characters because I never really saw any in media I watched when I was younger.” – Muna Abdirahman, artist of this Okoye illustration for #BlackHistoryMonth https://t.co/h0xBliuzUs",2021-02-19 17:00:02
236,DIS,"Join in the fun of ""The World's Most Magical Celebration,"" beginning October 1, 2021, in honor of the 50th Anniversary of @WaltDisneyWorld Resort. ✨ 🏰 Find out more: https://t.co/ljbO7EAlJS #DisneyWorld50 https://t.co/zKc262IXH7",2021-02-19 16:29:35
237,DIS,"As hosts of ""The World's Most Magical Celebration,"" Mickey Mouse and his pals will be dressed in EARidescent new looks, custom-made for the @WaltDisneyWorld Resort 50th Anniversary event, beginning October 1. Find out more: https://t.co/gtqrg3QQCX #DisneyWorld50 https://t.co/5FKmW5g72n",2021-02-19 16:00:12
238,DIS,"""The World's Most Magical Celebration"" begins October 1 at @WaltDisneyWorld Resort and the icons at each theme park will transform into Beacons of Magic at night in honor of the celebration. Find out more: https://t.co/hxYXuzW25t #DisneyWorld50 https://t.co/u9cSaqWcR5",2021-02-19 15:29:41
239,DIS,"Let’s catch you up. Watch an all-new behind-the-scenes look at Raya and the Last Dragon with Kelly Marie Tran, Awkwafina, and more. See it in theaters or order it on @DisneyPlus with Premier Access on March 5. Learn more: https://t.co/YAthyIUK6D https://t.co/Ty91NHn4we",2021-02-18 21:06:42
240,DIS,Love yourself as much as Gaston loves himself. https://t.co/bJJMlCLbLq,2021-02-18 20:03:44
241,DIS,RT @DisneyD23: NEW: @GonzotheGreat creator Dave Goelz and Muppets Studio VP Leigh Slaughter reveal favorite Muppet Show guests and the magi…,2021-02-18 18:25:23
242,DIS,Bring on the heat! 🔥 See Raya and the Last Dragon in theaters or order it on @DisneyPlus with Premier Access March 5. Learn more: https://t.co/0m16yXgxti #DisneyRaya https://t.co/D2CxmTsTva,2021-02-17 18:30:00
243,DIS,https://t.co/9RPCXt0uJk,2021-02-17 17:00:18
244,DIS,Celebrate Lunar New Year by learning all a”bao”t the origins of @Pixar’s “Bao” from director Domee Shi! https://t.co/rmpULtOKN2,2021-02-17 17:00:12
245,DIS,"She's just getting started, darling 🖤 https://t.co/m9q9Mmo5hv",2021-02-17 13:05:00
246,DIS,Brilliant. Bad. A little bit mad. May 2021. https://t.co/tgqVdtmhPC,2021-02-17 13:00:00
247,DIS,"Young at ❤️. See Walt @DisneyAnimation Studios’ newest short “Us Again”, directed by Zach Parrish and dances choreographed by Keone &amp; Mari, only in theaters before Raya and the Last Dragon starting March 5. https://t.co/He5WO0tSq4",2021-02-16 20:00:01
248,DIS,"Hi-ho, high seas! 🌊  Muppet Treasure Island first set sail for adventure 25 years ago today! https://t.co/fcvOh9xc23",2021-02-16 19:00:02
249,DIS,"""Black representation in media gives us the opportunity to feel we are a part of the world we live in. To be seen and heard more gives us a chance to feel like we are understood by those consuming our stories.” – Mel Milton, artist of this Finn illustration for #BlackHistoryMonth https://t.co/TSv3C4Lnks",2021-02-16 17:59:38
